<?xml version='1.0' encoding="ISO-8859-1"?>

<!--
  ~ Copyright 2017 ForgeRock AS. All Rights Reserved
  ~
  ~ Use of this code requires a commercial software license with ForgeRock AS.
  ~ or with one of its affiliates. All use shall be exclusively subject
  ~ to such license between the licensee and ForgeRock AS.
  -->

<!DOCTYPE ServicesConfiguration
        PUBLIC "=//forgerock//Service Management Services (SMS) 1.0 DTD//EN"
        "jar://com/sun/identity/sm/sms.dtd">

<ServicesConfiguration>
    <Service name="iPlanetAMAuthSocialAuthVKService" version="1.0">
        <Schema
                serviceHierarchy="/DSAMEConfig/authentication/iPlanetAMAuthSocialAuthVKService"
                i18nFileName="amAuthSocialAuth"
                revisionNumber="1"
                i18nKey="am.social.auth.vk.serviceTitle"
                resourceName="authSocialVk">

            <Organization>
                <AttributeSchema name="provider"
                                 type="single"
                                 syntax="string"
                                 i18nKey="am.social.auth.provider"
                                 order="100">
                    <DefaultValues>
                        <Value>VKontakte</Value>
                    </DefaultValues>
                </AttributeSchema>
                <AttributeSchema name="clientId"
                                 type="single"
                                 syntax="string"
                                 i18nKey="am.social.auth.clientId"
                                 order="200">
                </AttributeSchema>
                <AttributeSchema name="clientSecret"
                                 type="single"
                                 syntax="password"
                                 i18nKey="am.social.auth.clientSecret"
                                 order="300">
                </AttributeSchema>
                <AttributeSchema name="forgerock-am-auth-socialauthvk-auth-level"
                                 type="single"
                                 syntax="number_range"
                                 rangeStart="0"
                                 rangeEnd="2147483647"
                                 i18nKey="am.social.auth.level"
                                 order="400">
                    <DefaultValues>
                        <Value>0</Value>
                    </DefaultValues>
                </AttributeSchema>
                <AttributeSchema name="authorizeEndpoint"
                                 type="single"
                                 syntax="string"
                                 i18nKey="am.social.auth.authorizeEndpoint"
                                 order="500">
                    <DefaultValues>
                        <Value>https://oauth.vk.com/authorize</Value>
                    </DefaultValues>
                </AttributeSchema>
                <AttributeSchema name="tokenEndpoint"
                                 type="single"
                                 syntax="string"
                                 i18nKey="am.social.auth.tokenEndpoint"
                                 order="600">
                    <DefaultValues>
                        <Value>https://oauth.vk.com/access_token</Value>
                    </DefaultValues>
                </AttributeSchema>
                <AttributeSchema name="userInfoEndpoint"
                                 type="single"
                                 syntax="string"
                                 i18nKey="am.social.auth.userInfoEndpoint"
                                 order="700">
                    <DefaultValues>
                        <Value> https://api.vk.com/method/users.get</Value>
                    </DefaultValues>
                </AttributeSchema>
                <AttributeSchema name="scope"
                                 type="list"
                                 syntax="string"
                                 i18nKey="am.social.auth.scope"
                                 order="800">
                    <ExampleValue>
                        <Value>email</Value>
                    </ExampleValue>
                </AttributeSchema>
                <AttributeSchema name="ssoProxyUrl"
                                 type="single"
                                 syntax="string"
                                 i18nKey="am.social.auth.ssoProxyUrl"
                                 order="900">
                    <DefaultValues>
                        <Value>http://openam.example.com:18080/openam/oauth2c/OAuthProxy.jsp</Value>
                    </DefaultValues>
                </AttributeSchema>
                <AttributeSchema name="subjectProperty"
                                 type="single"
                                 syntax="string"
                                 i18nKey="am.social.auth.subjectProperty"
                                 order="1000">
                    <DefaultValues>
                        <Value>uid</Value>
                    </DefaultValues>
                </AttributeSchema>
                <AttributeSchema name="accountProviderClass"
                                 type="single"
                                 syntax="string"
                                 i18nKey="am.social.auth.accountProviderClass"
                                 order="1100">
                    <DefaultValues>
                        <Value>org.forgerock.openam.authentication.modules.common.mapping.DefaultAccountProvider</Value>
                    </DefaultValues>
                </AttributeSchema>
                <AttributeSchema name="accountMapperClass"
                                 type="single"
                                 syntax="string"
                                 i18nKey="am.social.auth.accountMapperClass"
                                 order="1200" >
                    <DefaultValues>
                        <Value>org.forgerock.openam.authentication.modules.common.mapping.JsonAttributeMapper|uid|vkontakte-</Value>
                    </DefaultValues>
                </AttributeSchema>
                <AttributeSchema name="accountMapperConfiguration"
                                 type="list"
                                 syntax="string"
                                 i18nKey="am.social.auth.accountMapperConfiguration"
                                 order="1300">
                    <DefaultValues>
                        <Value>uid=uid</Value>
                    </DefaultValues>
                </AttributeSchema>
                <AttributeSchema name="attributeMappingClasses"
                                 type="list"
                                 syntax="string"
                                 i18nKey="am.social.auth.attributeMappingClasses"
                                 order="1400">
                    <DefaultValues>
                        <Value>org.forgerock.openam.authentication.modules.common.mapping.JsonAttributeMapper|uid|vkontakte-</Value>
                    </DefaultValues>
                </AttributeSchema>
                <AttributeSchema name="attributeMapperConfiguration"
                                 type="list"
                                 syntax="string"
                                 i18nKey="am.social.auth.attributeMapperConfiguration"
                                 order="1500">
                    <DefaultValues>
                        <Value>first_name=givenName</Value>
                        <Value>last_name=sn</Value>
                        <Value>first_name=cn</Value>
                        <Value>email=mail</Value>
                        <Value>uid=uid</Value>
                    </DefaultValues>
                </AttributeSchema>
                <AttributeSchema name="createAccount"
                                 type="single"
                                 syntax="boolean"
                                 i18nKey="am.social.auth.createAccount"
                                 order="1160">
                    <BooleanValues>
                        <BooleanTrueValue i18nKey="i18nTrue">true</BooleanTrueValue>
                        <BooleanFalseValue i18nKey="i18nFalse">false</BooleanFalseValue>
                    </BooleanValues>
                    <DefaultValues>
                        <Value>true</Value>
                    </DefaultValues>
                </AttributeSchema>
                <AttributeSchema name="promptPasswordFlag"
                                 type="single"
                                 syntax="boolean"
                                 i18nKey="am.social.auth.promptPasswordFlag"
                                 order="1605">
                    <BooleanValues>
                        <BooleanTrueValue i18nKey="i18nTrue">true</BooleanTrueValue>
                        <BooleanFalseValue i18nKey="i18nFalse">false</BooleanFalseValue>
                    </BooleanValues>
                    <DefaultValues>
                        <Value>false</Value>
                    </DefaultValues>
                </AttributeSchema>
                <AttributeSchema name="emailAttribute"
                                 type="single"
                                 syntax="string"
                                 i18nKey="am.social.auth.emailAttribute"
                                 order="1610">
                    <DefaultValues>
                        <Value></Value>
                    </DefaultValues>
                </AttributeSchema>
                <AttributeSchema name="emailGateway"
                                 type="single"
                                 syntax="string"
                                 i18nKey="am.social.auth.emailGateway"
                                 order="1615">
                    <DefaultValues>
                        <Value>org.forgerock.openam.authentication.modules.oauth2.DefaultEmailGatewayImpl</Value>
                    </DefaultValues>
                </AttributeSchema>
                <AttributeSchema name="smtpHost"
                                 type="single"
                                 syntax="string"
                                 i18nKey="am.social.auth.smtpHost"
                                 order="1620">
                    <DefaultValues>
                        <Value>localhost</Value>
                    </DefaultValues>
                </AttributeSchema>
                <AttributeSchema name="smtpPort"
                                 type="single"
                                 syntax="string"
                                 i18nKey="am.social.auth.smtpPort"
                                 order="1625">
                    <DefaultValues>
                        <Value>25</Value>
                    </DefaultValues>
                </AttributeSchema>
                <AttributeSchema name="smtpUsername"
                                 type="single"
                                 syntax="string"
                                 i18nKey="am.social.auth.smtpUsername"
                                 order="1630">
                    <DefaultValues>
                        <Value></Value>
                    </DefaultValues>
                </AttributeSchema>
                <AttributeSchema name="smtpPassword"
                                 type="single"
                                 syntax="password"
                                 i18nKey="am.social.auth.smtpPassword"
                                 order="1635">
                </AttributeSchema>
                <AttributeSchema name="smtpSslEnabled"
                                 type="single"
                                 syntax="boolean"
                                 i18nKey="am.social.auth.smtpSslEnabled"
                                 order="1640">
                    <BooleanValues>
                        <BooleanTrueValue i18nKey="i18nTrue">true</BooleanTrueValue>
                        <BooleanFalseValue i18nKey="i18nFalse">false</BooleanFalseValue>
                    </BooleanValues>
                </AttributeSchema>
                <AttributeSchema name="smtpFromAddress"
                                 type="single"
                                 syntax="string"
                                 i18nKey="am.social.auth.smtpFromAddress"
                                 order="1645">
                    <ExampleValue>
                        <Value>info@forgerock.com</Value>
                    </ExampleValue>
                </AttributeSchema>
                <AttributeSchema name="mapToAnonymousUser"
                                 type="single"
                                 syntax="boolean"
                                 i18nKey="am.social.auth.mapToAnonymousUser"
                                 order="1700">
                    <BooleanValues>
                        <BooleanTrueValue i18nKey="i18nTrue">true</BooleanTrueValue>
                        <BooleanFalseValue i18nKey="i18nFalse">false</BooleanFalseValue>
                    </BooleanValues>
                    <DefaultValues>
                        <Value>false</Value>
                    </DefaultValues>
                </AttributeSchema>
                <AttributeSchema name="anonymousUserName"
                                 type="single"
                                 syntax="string"
                                 i18nKey="am.social.auth.anonymousUserName"
                                 order="1800">
                    <DefaultValues>
                        <Value>anonymous</Value>
                    </DefaultValues>
                </AttributeSchema>
                <AttributeSchema name="enableRegistrationService"
                                 type="single"
                                 syntax="boolean"
                                 i18nKey="am.social.auth.enableRegistrationService"
                                 order="1150">
                    <BooleanValues>
                        <BooleanTrueValue i18nKey="i18nTrue">true</BooleanTrueValue>
                        <BooleanFalseValue i18nKey="i18nFalse">false</BooleanFalseValue>
                    </BooleanValues>
                    <DefaultValues>
                        <Value>false</Value>
                    </DefaultValues>
                </AttributeSchema>
                <AttributeSchema name="saveAttributesInSession"
                                 type="single"
                                 syntax="boolean"
                                 i18nKey="am.social.auth.saveAttributesInSession"
                                 order="2000">
                    <BooleanValues>
                        <BooleanTrueValue i18nKey="i18nTrue">true</BooleanTrueValue>
                        <BooleanFalseValue i18nKey="i18nFalse">false</BooleanFalseValue>
                    </BooleanValues>
                    <DefaultValues>
                        <Value>true</Value>
                    </DefaultValues>
                </AttributeSchema>
                <SubSchema name="serverconfig" inheritance="multiple" resourceName="USE-PARENT">
                    <AttributeSchema name="RequiredValueValidator" type="validator" syntax="string">
                        <DefaultValues>
                            <Value>com.sun.identity.sm.RequiredValueValidator</Value>
                        </DefaultValues>
                    </AttributeSchema>
                    <AttributeSchema name="provider"
                                     type="single"
                                     syntax="string"
                                     i18nKey="am.social.auth.provider"
                                     order="100">
                        <DefaultValues>
                            <Value>VKontakte</Value>
                        </DefaultValues>
                    </AttributeSchema>
                    <AttributeSchema name="clientId"
                                     type="single"
                                     syntax="string"
                                     validator="RequiredValueValidator"
                                     i18nKey="am.social.auth.clientId"
                                     order="200">
                    </AttributeSchema>
                    <AttributeSchema name="clientSecret"
                                     type="single"
                                     syntax="password"
                                     validator="RequiredValueValidator"
                                     i18nKey="am.social.auth.clientSecret"
                                     order="300">
                    </AttributeSchema>
                    <AttributeSchema name="forgerock-am-auth-socialauthvk-auth-level"
                                     type="single"
                                     syntax="number_range"
                                     rangeStart="0"
                                     rangeEnd="2147483647"
                                     i18nKey="am.social.auth.level"
                                     order="400">
                        <DefaultValues>
                            <Value>0</Value>
                        </DefaultValues>
                    </AttributeSchema>
                    <AttributeSchema name="authorizeEndpoint"
                                     type="single"
                                     syntax="string"
                                     validator="RequiredValueValidator"
                                     i18nKey="am.social.auth.authorizeEndpoint"
                                     order="500">
                        <DefaultValues>
                            <Value>https://oauth.vk.com/authorize</Value>
                        </DefaultValues>
                    </AttributeSchema>
                    <AttributeSchema name="tokenEndpoint"
                                     type="single"
                                     syntax="string"
                                     validator="RequiredValueValidator"
                                     i18nKey="am.social.auth.tokenEndpoint"
                                     order="600">
                        <DefaultValues>
                            <Value>https://oauth.vk.com/access_token</Value>
                        </DefaultValues>
                    </AttributeSchema>
                    <AttributeSchema name="userInfoEndpoint"
                                     type="single"
                                     syntax="string"
                                     validator="RequiredValueValidator"
                                     i18nKey="am.social.auth.userInfoEndpoint"
                                     order="700">
                        <DefaultValues>
                            <Value> https://api.vk.com/method/users.get</Value>
                        </DefaultValues>
                    </AttributeSchema>
                    <AttributeSchema name="scope"
                                     type="list"
                                     syntax="string"
                                     validator="RequiredValueValidator"
                                     i18nKey="am.social.auth.scope"
                                     order="800">
                        <ExampleValue>
                            <Value>email</Value>
                        </ExampleValue>
                    </AttributeSchema>
                    <AttributeSchema name="ssoProxyUrl"
                                     type="single"
                                     syntax="string"
                                     i18nKey="am.social.auth.ssoProxyUrl"
                                     order="900">
                        <DefaultValues>
                            <Value>http://openam.example.com:18080/openam/oauth2c/OAuthProxy.jsp</Value>
                        </DefaultValues>
                    </AttributeSchema>
                    <AttributeSchema name="subjectProperty"
                                     type="single"
                                     syntax="string"
                                     validator="RequiredValueValidator"
                                     i18nKey="am.social.auth.subjectProperty"
                                     order="1000">
                        <DefaultValues>
                            <Value>uid</Value>
                        </DefaultValues>
                    </AttributeSchema>
                    <AttributeSchema name="accountProviderClass"
                                     type="single"
                                     syntax="string"
                                     i18nKey="am.social.auth.accountProviderClass"
                                     order="1100">
                        <DefaultValues>
                            <Value>org.forgerock.openam.authentication.modules.common.mapping.DefaultAccountProvider</Value>
                        </DefaultValues>
                    </AttributeSchema>
                    <AttributeSchema name="accountMapperClass"
                                     type="single"
                                     syntax="string"
                                     i18nKey="am.social.auth.accountMapperClass"
                                     order="1200" >
                        <DefaultValues>
                            <Value>org.forgerock.openam.authentication.modules.common.mapping.JsonAttributeMapper|uid|vkontakte-</Value>
                        </DefaultValues>
                    </AttributeSchema>
                    <AttributeSchema name="accountMapperConfiguration"
                                     type="list"
                                     syntax="string"
                                     i18nKey="am.social.auth.accountMapperConfiguration"
                                     order="1300">
                        <DefaultValues>
                            <Value>uid=uid</Value>
                        </DefaultValues>
                    </AttributeSchema>
                    <AttributeSchema name="attributeMappingClasses"
                                     type="list"
                                     syntax="string"
                                     i18nKey="am.social.auth.attributeMappingClasses"
                                     order="1400">
                        <DefaultValues>
                            <Value>org.forgerock.openam.authentication.modules.common.mapping.JsonAttributeMapper|uid|vkontakte-</Value>
                        </DefaultValues>
                    </AttributeSchema>
                    <AttributeSchema name="attributeMapperConfiguration"
                                     type="list"
                                     syntax="string"
                                     i18nKey="am.social.auth.attributeMapperConfiguration"
                                     order="1500">
                        <DefaultValues>
                            <Value>first_name=givenName</Value>
                            <Value>last_name=sn</Value>
                            <Value>first_name=cn</Value>
                            <Value>email=mail</Value>
                            <Value>uid=uid</Value>
                        </DefaultValues>
                    </AttributeSchema>
                    <AttributeSchema name="createAccount"
                                     type="single"
                                     syntax="boolean"
                                     i18nKey="am.social.auth.createAccount"
                                     order="1160">
                        <BooleanValues>
                            <BooleanTrueValue i18nKey="i18nTrue">true</BooleanTrueValue>
                            <BooleanFalseValue i18nKey="i18nFalse">false</BooleanFalseValue>
                        </BooleanValues>
                        <DefaultValues>
                            <Value>true</Value>
                        </DefaultValues>
                    </AttributeSchema>
                    <AttributeSchema name="promptPasswordFlag"
                                     type="single"
                                     syntax="boolean"
                                     i18nKey="am.social.auth.promptPasswordFlag"
                                     order="1605">
                        <BooleanValues>
                            <BooleanTrueValue i18nKey="i18nTrue">true</BooleanTrueValue>
                            <BooleanFalseValue i18nKey="i18nFalse">false</BooleanFalseValue>
                        </BooleanValues>
                        <DefaultValues>
                            <Value>false</Value>
                        </DefaultValues>
                    </AttributeSchema>
                    <AttributeSchema name="emailAttribute"
                                     type="single"
                                     syntax="string"
                                     i18nKey="am.social.auth.emailAttribute"
                                     order="1610">
                        <DefaultValues>
                            <Value></Value>
                        </DefaultValues>
                    </AttributeSchema>
                    <AttributeSchema name="emailGateway"
                                     type="single"
                                     syntax="string"
                                     i18nKey="am.social.auth.emailGateway"
                                     order="1615">
                        <DefaultValues>
                            <Value>org.forgerock.openam.authentication.modules.oauth2.DefaultEmailGatewayImpl</Value>
                        </DefaultValues>
                    </AttributeSchema>
                    <AttributeSchema name="smtpHost"
                                     type="single"
                                     syntax="string"
                                     i18nKey="am.social.auth.smtpHost"
                                     order="1620">
                        <DefaultValues>
                            <Value>localhost</Value>
                        </DefaultValues>
                    </AttributeSchema>
                    <AttributeSchema name="smtpPort"
                                     type="single"
                                     syntax="string"
                                     i18nKey="am.social.auth.smtpPort"
                                     order="1625">
                        <DefaultValues>
                            <Value>25</Value>
                        </DefaultValues>
                    </AttributeSchema>
                    <AttributeSchema name="smtpUsername"
                                     type="single"
                                     syntax="string"
                                     i18nKey="am.social.auth.smtpUsername"
                                     order="1630">
                        <DefaultValues>
                            <Value></Value>
                        </DefaultValues>
                    </AttributeSchema>
                    <AttributeSchema name="smtpPassword"
                                     type="single"
                                     syntax="password"
                                     i18nKey="am.social.auth.smtpPassword"
                                     order="1635">
                    </AttributeSchema>
                    <AttributeSchema name="smtpSslEnabled"
                                     type="single"
                                     syntax="boolean"
                                     i18nKey="am.social.auth.smtpSslEnabled"
                                     order="1640">
                        <BooleanValues>
                            <BooleanTrueValue i18nKey="i18nTrue">true</BooleanTrueValue>
                            <BooleanFalseValue i18nKey="i18nFalse">false</BooleanFalseValue>
                        </BooleanValues>
                    </AttributeSchema>
                    <AttributeSchema name="smtpFromAddress"
                                     type="single"
                                     syntax="string"
                                     i18nKey="am.social.auth.smtpFromAddress"
                                     order="1645">
                        <ExampleValue>
                            <Value>info@forgerock.com</Value>
                        </ExampleValue>
                    </AttributeSchema>
                    <AttributeSchema name="mapToAnonymousUser"
                                     type="single"
                                     syntax="boolean"
                                     i18nKey="am.social.auth.mapToAnonymousUser"
                                     order="1700">
                        <BooleanValues>
                            <BooleanTrueValue i18nKey="i18nTrue">true</BooleanTrueValue>
                            <BooleanFalseValue i18nKey="i18nFalse">false</BooleanFalseValue>
                        </BooleanValues>
                        <DefaultValues>
                            <Value>false</Value>
                        </DefaultValues>
                    </AttributeSchema>
                    <AttributeSchema name="anonymousUserName"
                                     type="single"
                                     syntax="string"
                                     i18nKey="am.social.auth.anonymousUserName"
                                     order="1800">
                        <DefaultValues>
                            <Value>anonymous</Value>
                        </DefaultValues>
                    </AttributeSchema>
                    <AttributeSchema name="enableRegistrationService"
                                     type="single"
                                     syntax="boolean"
                                     i18nKey="am.social.auth.enableRegistrationService"
                                     order="1150">
                        <BooleanValues>
                            <BooleanTrueValue i18nKey="i18nTrue">true</BooleanTrueValue>
                            <BooleanFalseValue i18nKey="i18nFalse">false</BooleanFalseValue>
                        </BooleanValues>
                        <DefaultValues>
                            <Value>false</Value>
                        </DefaultValues>
                    </AttributeSchema>
                    <AttributeSchema name="saveAttributesInSession"
                                     type="single"
                                     syntax="boolean"
                                     i18nKey="am.social.auth.saveAttributesInSession"
                                     order="2000">
                        <BooleanValues>
                            <BooleanTrueValue i18nKey="i18nTrue">true</BooleanTrueValue>
                            <BooleanFalseValue i18nKey="i18nFalse">false</BooleanFalseValue>
                        </BooleanValues>
                        <DefaultValues>
                            <Value>true</Value>
                        </DefaultValues>
                    </AttributeSchema>
                </SubSchema>
            </Organization>
        </Schema>
    </Service>
</ServicesConfiguration>
