<?xml version="1.0" encoding="UTF-8"?>
<!--
    DO NOT ALTER OR REMOVE COPYRIGHT NOTICES OR THIS HEADER.

    Copyright 2011-2017 ForgeRock AS.
    Copyright 2011 Cybernetica AS.

    The contents of this file are subject to the terms
    of the Common Development and Distribution License
    (the License). You may not use this file except in
    compliance with the License.

    You can obtain a copy of the License at
    http://forgerock.org/license/CDDLv1.0.html
    See the License for the specific language governing
    permission and limitations under the License.

    When distributing Covered Code, include this CDDL
    Header Notice in each file and include the License file
    at http://forgerock.org/license/CDDLv1.0.html
    If applicable, add the following below the CDDL Header,
    with the fields enclosed by brackets [] replaced by
    your own identifying information:
    "Portions Copyrighted [year] [name of copyright owner]"

-->
<!--
    Portions Copyrighted 2012 Open Source Solution Technology Corporation
    Portions Copyrighted 2013 Nomura Research Institute, Ltd
-->

<!DOCTYPE ServicesConfiguration
PUBLIC "=//iPlanet//Service Management Services (SMS) 1.0 DTD//EN"
"jar://com/sun/identity/sm/sms.dtd">

<ServicesConfiguration>
    <Service name="sunAMAuthOAuthService" version="1.0">
        <Schema
            serviceHierarchy="/DSAMEConfig/authentication/sunAMAuthOAuthService"
            i18nFileName="amAuthOAuth"
            revisionNumber="1"
            i18nKey="description"
            resourceName="oauth2">

            <Organization>
                <AttributeSchema name="iplanet-am-auth-oauth-client-id"
                                 type="single" syntax="string" i18nKey="a101" order="100" resourceName="clientId">
                </AttributeSchema>
                <AttributeSchema name="iplanet-am-auth-oauth-client-secret"
                                 type="single" syntax="password" i18nKey="a102" order="200" resourceName="clientSecret">
                </AttributeSchema>
                <AttributeSchema name="iplanet-am-auth-oauth-auth-service"
                                 type="single" syntax="string" i18nKey="a103" order="300"
                                 resourceName="authenticationEndpointUrl">
                    <DefaultValues>
                        <Value>https://www.facebook.com/dialog/oauth</Value>
                    </DefaultValues>
                </AttributeSchema>
                <AttributeSchema name="iplanet-am-auth-oauth-token-service"
                                 type="single" syntax="string" i18nKey="a104" order="400" resourceName="accessTokenEndpointUrl">
                    <DefaultValues>
                        <Value>https://graph.facebook.com/oauth/access_token</Value>
                    </DefaultValues>
                </AttributeSchema>
                <AttributeSchema name="iplanet-am-auth-oauth-user-profile-service"
                                 type="single" syntax="string" i18nKey="a105" order="500" resourceName="userProfileServiceUrl">
                    <DefaultValues>
                        <Value>https://graph.facebook.com/me</Value>
                    </DefaultValues>
                </AttributeSchema>
                <AttributeSchema name="iplanet-am-auth-oauth-scope"
                                 type="single" syntax="string" i18nKey="a106" order="600" resourceName="scope">
                    <DefaultValues>
                        <Value>email,read_stream</Value>
                    </DefaultValues>
                </AttributeSchema>
                <AttributeSchema name="iplanet-am-auth-oauth-user-profile-param"
                                 type="single" syntax="string" i18nKey="a107" order="700"
                                 resourceName="accessTokenParameterName">
                    <DefaultValues>
                        <Value>access_token</Value>
                    </DefaultValues>
                </AttributeSchema>
                <AttributeSchema name="iplanet-am-auth-oauth-sso-proxy-url"
                                 type="single" syntax="string" i18nKey="a108" order="800" resourceName="ssoProxyUrl">
                    <DefaultValues>
                        <Value>http://openam.example.com:18080/openam/oauth2c/OAuthProxy.jsp</Value>
                    </DefaultValues>
                </AttributeSchema>
                <AttributeSchema name="org-forgerock-auth-oauth-account-provider"
                                 type="single" syntax="string" i18nKey="a108a" order="900" resourceName="accountProviderClass">
                    <DefaultValues>
                        <Value>org.forgerock.openam.authentication.modules.common.mapping.DefaultAccountProvider</Value>
                    </DefaultValues>
                </AttributeSchema>
                <AttributeSchema name="org-forgerock-auth-oauth-account-mapper"
                                 type="single" syntax="string" i18nKey="a109" order="1000" resourceName="accountMapperClass">
                    <DefaultValues>
                        <Value>org.forgerock.openam.authentication.modules.common.mapping.JsonAttributeMapper</Value>
                    </DefaultValues>
                </AttributeSchema>
                <AttributeSchema name="org-forgerock-auth-oauth-account-mapper-configuration"
                    type="list"
                    syntax="string"
                    i18nKey="a110"
                    order="1100"
                    resourceName="accountMapperConfiguration">
                    <DefaultValues>
                        <Value>id=facebook-id</Value>
                        <Value>email=mail</Value>
                    </DefaultValues>
                </AttributeSchema>
                <AttributeSchema name="org-forgerock-auth-oauth-attribute-mapper"
                                 type="list" syntax="string" i18nKey="a111" order="1200" resourceName="attributeMappingClasses">
                    <DefaultValues>
                        <Value>org.forgerock.openam.authentication.modules.common.mapping.JsonAttributeMapper</Value>
                    </DefaultValues>
                </AttributeSchema>
                <AttributeSchema name="org-forgerock-auth-oauth-attribute-mapper-configuration"
                    type="list"
                    syntax="string"
                    i18nKey="a112"
                    order="1300"
                    resourceName="attributeMapperConfiguration">
                    <DefaultValues>
                        <Value>first_name=givenname</Value>
                        <Value>last_name=sn</Value>
                        <Value>name=cn</Value>
                        <Value>email=mail</Value>
                        <Value>id=facebook-id</Value>
                        <Value>first_name=facebook-fname</Value>
                        <Value>last_name=facebook-lname</Value>
                        <Value>email=facebook-email</Value>
                    </DefaultValues>
                </AttributeSchema>
                <AttributeSchema name="org-forgerock-auth-oauth-save-attributes-to-session-flag"
                                 type="single" syntax="boolean" i18nKey="a115" order="1400"
                                 resourceName="saveAttributesInSession">
                    <BooleanValues>
                        <BooleanTrueValue i18nKey="i18nTrue">true</BooleanTrueValue>
                        <BooleanFalseValue i18nKey="i18nFalse">false</BooleanFalseValue>
                    </BooleanValues>
                    <DefaultValues>
                        <Value>true</Value>
                    </DefaultValues>
                </AttributeSchema>
                <AttributeSchema name="org-forgerock-auth-oauth-mail-attribute"
                                 type="single" syntax="string" i18nKey="a118" order="1500" resourceName="oauth2EmailAttribute">
                    <DefaultValues>
                        <Value></Value>
                    </DefaultValues>
                </AttributeSchema>
                <AttributeSchema name="org-forgerock-auth-oauth-createaccount-flag"
                                 type="single" syntax="boolean" i18nKey="a120" order="1600" resourceName="createAccount">
                    <BooleanValues>
                        <BooleanTrueValue i18nKey="i18nTrue">true</BooleanTrueValue>
                        <BooleanFalseValue i18nKey="i18nFalse">false</BooleanFalseValue>
                    </BooleanValues>
                    <DefaultValues>
                        <Value>true</Value>
                    </DefaultValues>
                </AttributeSchema>
                <AttributeSchema name="org-forgerock-auth-oauth-prompt-password-flag"
                                 type="single" syntax="boolean" i18nKey="a122" order="1700" resourceName="promptForPassword">
                    <BooleanValues>
                        <BooleanTrueValue i18nKey="i18nTrue">true</BooleanTrueValue>
                        <BooleanFalseValue i18nKey="i18nFalse">false</BooleanFalseValue>
                    </BooleanValues>
                    <DefaultValues>
                        <Value>true</Value>
                    </DefaultValues>
                </AttributeSchema>
                <AttributeSchema name="org-forgerock-auth-oauth-map-to-anonymous-flag"
                                 type="single" syntax="boolean" i18nKey="a124" order="1800" resourceName="mapToAnonymousUser">
                    <BooleanValues>
                        <BooleanTrueValue i18nKey="i18nTrue">true</BooleanTrueValue>
                        <BooleanFalseValue i18nKey="i18nFalse">false</BooleanFalseValue>
                    </BooleanValues>
                    <DefaultValues>
                        <Value>false</Value>
                    </DefaultValues>
                </AttributeSchema>
                <AttributeSchema name="org-forgerock-auth-oauth-anonymous-user"
                                 type="single" syntax="string" i18nKey="a126" order="1900" resourceName="anonymousUserName">
                    <DefaultValues>
                        <Value>anonymous</Value>
                    </DefaultValues>
                </AttributeSchema>
                <AttributeSchema name="org-forgerock-auth-oauth-logout-service-url"
                                 type="single" syntax="string" i18nKey="a128" order="2000" resourceName="oauth2LogoutServiceUrl">
                    <DefaultValues>
                        <Value></Value>
                    </DefaultValues>
                </AttributeSchema>
                <AttributeSchema name="org-forgerock-auth-oauth-logout-behaviour"
                                 type="single_choice" syntax="string" i18nKey="a130" order="2100" resourceName="logoutBehaviour">
                    <ChoiceValues>
                        <ChoiceValue i18nKey="prompt">prompt</ChoiceValue>
                        <ChoiceValue i18nKey="logout">logout</ChoiceValue>
                        <ChoiceValue i18nKey="donotlogout">donotlogout</ChoiceValue>
                    </ChoiceValues>
                    <DefaultValues>
                        <Value>prompt</Value>
                    </DefaultValues>
                </AttributeSchema>
                <AttributeSchema name="org-forgerock-auth-oauth-email-gwy-impl"
                                 type="single" syntax="string" i18nKey="a132" order="2200" resourceName="mailGatewayClass">
                    <DefaultValues>
                        <Value>org.forgerock.openam.authentication.modules.oauth2.DefaultEmailGatewayImpl</Value>
                    </DefaultValues>
                </AttributeSchema>
                <AttributeSchema name="org-forgerock-auth-oauth-smtp-hostname"
                                 type="single" syntax="string" i18nKey="a134" order="2300" resourceName="smtpHostName">
                    <DefaultValues>
                        <Value>localhost</Value>
                    </DefaultValues>
                </AttributeSchema>
                <AttributeSchema name="org-forgerock-auth-oauth-smtp-port"
                                 type="single" syntax="string" i18nKey="a136" order="2400" resourceName="smtpHostPort">
                    <DefaultValues>
                        <Value>25</Value>
                    </DefaultValues>
                </AttributeSchema>
                <AttributeSchema name="org-forgerock-auth-oauth-smtp-username"
                                 type="single" syntax="string" i18nKey="a138" order="2500" resourceName="smtpUsername">
                    <DefaultValues>
                        <Value></Value>
                    </DefaultValues>
                </AttributeSchema>
                <AttributeSchema name="org-forgerock-auth-oauth-smtp-password"
                                 type="single" syntax="password" i18nKey="a140" order="2600" resourceName="smtpPassword">
                </AttributeSchema>
                <AttributeSchema name="org-forgerock-auth-oauth-smtp-ssl_enabled"
                                 type="single" syntax="boolean" i18nKey="a142" order="2700" resourceName="smtpSslEnabled">
                    <BooleanValues>
                        <BooleanTrueValue i18nKey="i18nTrue">true</BooleanTrueValue>
                        <BooleanFalseValue i18nKey="i18nFalse">false</BooleanFalseValue>
                    </BooleanValues>
                </AttributeSchema>
                <AttributeSchema name="org-forgerock-auth-oauth-smtp-email-from"
                                 type="single" syntax="string" i18nKey="a144" order="2800" resourceName="smtpFromAddress">
                    <DefaultValues>
                        <Value>info@forgerock.com</Value>
                    </DefaultValues>
                </AttributeSchema>
                <AttributeSchema name="iplanet-am-auth-oauth-auth-level"
                                 type="single" syntax="number_range" rangeStart="0"
                                 rangeEnd="2147483647" i18nKey="a500" order="2900" resourceName="authenticationLevel">
                    <DefaultValues>
                        <Value>0</Value>
                    </DefaultValues>
                </AttributeSchema>

                <AttributeSchema name="openam-auth-openidconnect-issuer-name"
                                 type="single" syntax="string" i18nKey="oidc.issuer_name" order="3200"
                                 resourceName="openidConnectIssuer">
                </AttributeSchema>
                <AttributeSchema name="openam-auth-openidconnect-crypto-context-type"
                                 type="single_choice" syntax="string" i18nKey="oidc.crypto_context_type" order="3000"
                                 resourceName="openidConnectContextType">
                    <ChoiceValues>
                        <ChoiceValue>.well-known/openid-configuration_url</ChoiceValue>
                        <ChoiceValue>jwk_url</ChoiceValue>
                        <ChoiceValue>client_secret</ChoiceValue>
                    </ChoiceValues>
                </AttributeSchema>
                <AttributeSchema name="openam-auth-openidconnect-crypto-context-value"
                                 type="single" syntax="string" i18nKey="oidc.crypto_context_value" order="3100"
                                 resourceName="openidConnectContextValue">
                </AttributeSchema>
                <AttributeSchema name="openam-auth-oauth-mix-up-mitigation-enabled"
                                 type="single"
                                 syntax="boolean"
                                 i18nKey="a146"
                                 order="3300"
                                 resourceName="mixUpMitigation">
                    <BooleanValues>
                        <BooleanTrueValue i18nKey="i18nTrue">true</BooleanTrueValue>
                        <BooleanFalseValue i18nKey="i18nFalse">false</BooleanFalseValue>
                    </BooleanValues>
                    <DefaultValues>
                        <Value>false</Value>
                    </DefaultValues>
                </AttributeSchema>
                <SubSchema name="serverconfig" inheritance="multiple" resourceName="USE-PARENT">
                    <AttributeSchema name="iplanet-am-auth-oauth-client-id"
                                     type="single" syntax="string" i18nKey="a101" order="100" resourceName="clientId">
                    </AttributeSchema>
                    <AttributeSchema name="iplanet-am-auth-oauth-client-secret"
                                     type="single" syntax="password" i18nKey="a102" order="200" resourceName="clientSecret">
                    </AttributeSchema>
                    <AttributeSchema name="iplanet-am-auth-oauth-auth-service"
                                     type="single" syntax="string" i18nKey="a103" order="300"
                                     resourceName="authenticationEndpointUrl">
                        <DefaultValues>
                            <Value>https://www.facebook.com/dialog/oauth</Value>
                        </DefaultValues>
                    </AttributeSchema>
                    <AttributeSchema name="iplanet-am-auth-oauth-token-service"
                                     type="single" syntax="string" i18nKey="a104" order="400" resourceName="accessTokenEndpointUrl">
                        <DefaultValues>
                            <Value>https://graph.facebook.com/oauth/access_token</Value>
                        </DefaultValues>
                    </AttributeSchema>
                    <AttributeSchema name="iplanet-am-auth-oauth-user-profile-service"
                                     type="single" syntax="string" i18nKey="a105" order="500" resourceName="userProfileServiceUrl">
                        <DefaultValues>
                            <Value>https://graph.facebook.com/me</Value>
                        </DefaultValues>
                    </AttributeSchema>
                    <AttributeSchema name="iplanet-am-auth-oauth-scope"
                                     type="single" syntax="string" i18nKey="a106" order="600" resourceName="scope">
                        <DefaultValues>
                            <Value>email,read_stream</Value>
                        </DefaultValues>
                    </AttributeSchema>
                    <AttributeSchema name="iplanet-am-auth-oauth-user-profile-param"
                                     type="single" syntax="string" i18nKey="a107" order="700"
                                     resourceName="accessTokenParameterName">
                        <DefaultValues>
                            <Value>access_token</Value>
                        </DefaultValues>
                    </AttributeSchema>
                    <AttributeSchema name="iplanet-am-auth-oauth-sso-proxy-url"
                                     type="single" syntax="string" i18nKey="a108" order="800" resourceName="ssoProxyUrl">
                        <DefaultValues>
                            <Value>http://openam.example.com:18080/openam/oauth2c/OAuthProxy.jsp</Value>
                        </DefaultValues>
                    </AttributeSchema>
                    <AttributeSchema name="org-forgerock-auth-oauth-account-provider"
                                     type="single" syntax="string" i18nKey="a108a" order="900" resourceName="accountProviderClass">
                        <DefaultValues>
                            <Value>org.forgerock.openam.authentication.modules.common.mapping.DefaultAccountProvider</Value>
                        </DefaultValues>
                    </AttributeSchema>
                    <AttributeSchema name="org-forgerock-auth-oauth-account-mapper"
                                     type="single" syntax="string" i18nKey="a109" order="1000" resourceName="accountMapperClass">
                        <DefaultValues>
                            <Value>org.forgerock.openam.authentication.modules.common.mapping.JsonAttributeMapper</Value>
                        </DefaultValues>
                    </AttributeSchema>
                    <AttributeSchema name="org-forgerock-auth-oauth-account-mapper-configuration"
                        type="list"
                        syntax="string"
                        i18nKey="a110"
                        order="1100"
                        resourceName="accountMapperConfiguration">
                        <DefaultValues>
                            <Value>id=facebook-id</Value>
                            <Value>email=mail</Value>
                        </DefaultValues>
                    </AttributeSchema>
                    <AttributeSchema name="org-forgerock-auth-oauth-attribute-mapper"
                                     type="list" syntax="string" i18nKey="a111" order="1200" resourceName="attributeMappingClasses">
                        <DefaultValues>
                            <Value>org.forgerock.openam.authentication.modules.common.mapping.JsonAttributeMapper</Value>
                        </DefaultValues>
                    </AttributeSchema>
                    <AttributeSchema name="org-forgerock-auth-oauth-attribute-mapper-configuration"
                        type="list"
                        syntax="string"
                        i18nKey="a112"
                        order="1300"
                        resourceName="attributeMapperConfiguration">
                        <DefaultValues>
                            <Value>first_name=givenname</Value>
                            <Value>last_name=sn</Value>
                            <Value>name=cn</Value>
                            <Value>email=mail</Value>
                            <Value>id=facebook-id</Value>
                            <Value>first_name=facebook-fname</Value>
                            <Value>last_name=facebook-lname</Value>
                            <Value>email=facebook-email</Value>
                        </DefaultValues>
                    </AttributeSchema>
                    <AttributeSchema name="org-forgerock-auth-oauth-save-attributes-to-session-flag"
                                     type="single" syntax="boolean" i18nKey="a115" order="1400"
                                     resourceName="saveAttributesInSession">
                    <BooleanValues>
                        <BooleanTrueValue i18nKey="i18nTrue">true</BooleanTrueValue>
                        <BooleanFalseValue i18nKey="i18nFalse">false</BooleanFalseValue>
                    </BooleanValues>
                        <DefaultValues>
                            <Value>true</Value>
                        </DefaultValues>
                    </AttributeSchema>
                    <AttributeSchema name="org-forgerock-auth-oauth-mail-attribute"
                                     type="single" syntax="string" i18nKey="a118" order="1500" resourceName="oauth2EmailAttribute">
                        <DefaultValues>
                            <Value></Value>
                        </DefaultValues>
                    </AttributeSchema>
                    <AttributeSchema name="org-forgerock-auth-oauth-createaccount-flag"
                                     type="single" syntax="boolean" i18nKey="a120" order="1600" resourceName="createAccount">
                        <BooleanValues>
                            <BooleanTrueValue i18nKey="i18nTrue">true</BooleanTrueValue>
                            <BooleanFalseValue i18nKey="i18nFalse">false</BooleanFalseValue>
                        </BooleanValues>
                        <DefaultValues>
                            <Value>true</Value>
                        </DefaultValues>
                    </AttributeSchema>
                    <AttributeSchema name="org-forgerock-auth-oauth-prompt-password-flag"
                                     type="single" syntax="boolean" i18nKey="a122" order="1700" resourceName="promptForPassword">
                        <BooleanValues>
                            <BooleanTrueValue i18nKey="i18nTrue">true</BooleanTrueValue>
                            <BooleanFalseValue i18nKey="i18nFalse">false</BooleanFalseValue>
                        </BooleanValues>
                        <DefaultValues>
                            <Value>true</Value>
                        </DefaultValues>
                    </AttributeSchema>
                    <AttributeSchema name="org-forgerock-auth-oauth-map-to-anonymous-flag"
                                     type="single" syntax="boolean" i18nKey="a124" order="1800" resourceName="mapToAnonymousUser">
                        <BooleanValues>
                            <BooleanTrueValue i18nKey="i18nTrue">true</BooleanTrueValue>
                            <BooleanFalseValue i18nKey="i18nFalse">false</BooleanFalseValue>
                        </BooleanValues>
                        <DefaultValues>
                            <Value>false</Value>
                        </DefaultValues>
                    </AttributeSchema>
                    <AttributeSchema name="org-forgerock-auth-oauth-anonymous-user"
                                     type="single" syntax="string" i18nKey="a126" order="1900" resourceName="anonymousUserName">
                        <DefaultValues>
                            <Value>anonymous</Value>
                        </DefaultValues>
                    </AttributeSchema>
                    <AttributeSchema name="org-forgerock-auth-oauth-logout-service-url"
                                     type="single" syntax="string" i18nKey="a128" order="2000" resourceName="oauth2LogoutServiceUrl">
                        <DefaultValues>
                            <Value></Value>
                        </DefaultValues>
                    </AttributeSchema>
                    <AttributeSchema name="org-forgerock-auth-oauth-logout-behaviour"
                                     type="single_choice" syntax="string" i18nKey="a130" order="2100" resourceName="logoutBehaviour">
                        <ChoiceValues>
                            <ChoiceValue i18nKey="prompt">prompt</ChoiceValue>
                            <ChoiceValue i18nKey="logout">logout</ChoiceValue>
                            <ChoiceValue i18nKey="donotlogout">donotlogout</ChoiceValue>
                        </ChoiceValues>
                        <DefaultValues>
                            <Value>prompt</Value>
                        </DefaultValues>
                    </AttributeSchema>
                    <AttributeSchema name="org-forgerock-auth-oauth-email-gwy-impl"
                                     type="single" syntax="string" i18nKey="a132" order="2200" resourceName="mailGatewayClass">
                        <DefaultValues>
                            <Value>org.forgerock.openam.authentication.modules.oauth2.DefaultEmailGatewayImpl</Value>
                        </DefaultValues>
                    </AttributeSchema>
                    <AttributeSchema name="org-forgerock-auth-oauth-smtp-hostname"
                                     type="single" syntax="string" i18nKey="a134" order="2300" resourceName="smtpHostName">
                        <DefaultValues>
                            <Value>localhost</Value>
                        </DefaultValues>
                    </AttributeSchema>
                    <AttributeSchema name="org-forgerock-auth-oauth-smtp-port"
                                     type="single" syntax="string" i18nKey="a136" order="2400" resourceName="smtpHostPort">
                        <DefaultValues>
                            <Value>25</Value>
                        </DefaultValues>
                    </AttributeSchema>
                    <AttributeSchema name="org-forgerock-auth-oauth-smtp-username"
                                     type="single" syntax="string" i18nKey="a138" order="2500" resourceName="smtpUsername">
                        <DefaultValues>
                            <Value></Value>
                        </DefaultValues>
                    </AttributeSchema>
                    <AttributeSchema name="org-forgerock-auth-oauth-smtp-password"
                                     type="single" syntax="password" i18nKey="a140" order="2600" resourceName="smtpPassword">
                    </AttributeSchema>
                    <AttributeSchema name="org-forgerock-auth-oauth-smtp-ssl_enabled"
                                     type="single" syntax="boolean" i18nKey="a142" order="2700" resourceName="smtpSslEnabled">
                        <BooleanValues>
                            <BooleanTrueValue i18nKey="i18nTrue">true</BooleanTrueValue>
                            <BooleanFalseValue i18nKey="i18nFalse">false</BooleanFalseValue>
                        </BooleanValues>
                    </AttributeSchema>
                    <AttributeSchema name="org-forgerock-auth-oauth-smtp-email-from"
                                     type="single" syntax="string" i18nKey="a144" order="2800" resourceName="smtpFromAddress">
                        <DefaultValues>
                            <Value>info@forgerock.com</Value>
                        </DefaultValues>
                    </AttributeSchema>
                    <AttributeSchema name="iplanet-am-auth-oauth-auth-level"
                                     type="single" syntax="number_range" rangeStart="0"
                                     rangeEnd="2147483647" i18nKey="a500" order="2900" resourceName="authenticationLevel">
                        <DefaultValues>
                            <Value>0</Value>
                        </DefaultValues>
                    </AttributeSchema>
                    <AttributeSchema name="openam-auth-openidconnect-issuer-name"
                                     type="single" syntax="string" i18nKey="oidc.issuer_name" order="3200"
                                     resourceName="openidConnectIssuer">
                    </AttributeSchema>
                    <AttributeSchema name="openam-auth-openidconnect-crypto-context-type"
                                     type="single_choice" syntax="string" i18nKey="oidc.crypto_context_type" order="3000"
                                     resourceName="openidConnectContextType">
                        <ChoiceValues>
                            <ChoiceValue>.well-known/openid-configuration_url</ChoiceValue>
                            <ChoiceValue>jwk_url</ChoiceValue>
                            <ChoiceValue>client_secret</ChoiceValue>
                        </ChoiceValues>
                    </AttributeSchema>
                    <AttributeSchema name="openam-auth-openidconnect-crypto-context-value"
                                     type="single" syntax="string" i18nKey="oidc.crypto_context_value" order="3100"
                                     resourceName="openidConnectContextValue">
                    </AttributeSchema>
                    <AttributeSchema name="openam-auth-oauth-mix-up-mitigation-enabled"
                                     type="single"
                                     syntax="boolean"
                                     i18nKey="a146"
                                     order="3300"
                                     resourceName="mixUpMitigation">
                        <BooleanValues>
                            <BooleanTrueValue i18nKey="i18nTrue">true</BooleanTrueValue>
                            <BooleanFalseValue i18nKey="i18nFalse">false</BooleanFalseValue>
                        </BooleanValues>
                        <DefaultValues>
                            <Value>false</Value>
                        </DefaultValues>
                    </AttributeSchema>
                </SubSchema>
            </Organization>
        </Schema>
    </Service>
</ServicesConfiguration>
