<?xml version='1.0' encoding="ISO-8859-1"?>

<!--
  ~ Copyright 2017 ForgeRock AS. All Rights Reserved
  ~
  ~ Use of this code requires a commercial software license with ForgeRock AS.
  ~ or with one of its affiliates. All use shall be exclusively subject
  ~ to such license between the licensee and ForgeRock AS.
  -->

<!DOCTYPE ServicesConfiguration
        PUBLIC "=//forgerock//Service Management Services (SMS) 1.0 DTD//EN"
        "jar://com/sun/identity/sm/sms.dtd">

<ServicesConfiguration>
    <Service name="iPlanetAMAuthSocialAuthWeChatMobileService" version="1.0">
        <Schema
                serviceHierarchy="/DSAMEConfig/authentication/iPlanetAMAuthSocialAuthWeChatMobileService"
                i18nFileName="amAuthSocialAuth"
                revisionNumber="1"
                i18nKey="am.social.auth.wechat.mobile.serviceTitle"
                resourceName="authSocialWeChatMobile">

            <Organization>
                <AttributeSchema name="forgerock-am-auth-socialauthwechatmobile-auth-level"
                                 type="single"
                                 syntax="number_range"
                                 rangeStart="0"
                                 rangeEnd="2147483647"
                                 i18nKey="am.social.auth.level"
                                 order="100"
                                 resourceName="authenticationLevel">
                    <DefaultValues>
                        <Value>0</Value>
                    </DefaultValues>
                </AttributeSchema>
                <AttributeSchema name="provider"
                                 type="single"
                                 syntax="string"
                                 i18nKey="am.social.auth.provider"
                                 order="200">
                    <DefaultValues>
                        <Value>WeChat</Value>
                    </DefaultValues>
                </AttributeSchema>
                <AttributeSchema name="userInfoEndpoint"
                                 type="single"
                                 syntax="string"
                                 i18nKey="am.social.auth.userInfoEndpoint"
                                 order="800">
                    <DefaultValues>
                        <Value>https://api.wechat.com/sns/userinfo</Value>
                    </DefaultValues>
                </AttributeSchema>
                <AttributeSchema name="scope"
                                 type="list"
                                 syntax="string"
                                 i18nKey="am.social.auth.scope"
                                 order="900">
                <DefaultValues>
                    <Value>snsapi_userinfo</Value>
                </DefaultValues>
                </AttributeSchema>
                <AttributeSchema name="subjectProperty"
                                 type="single"
                                 syntax="string"
                                 i18nKey="am.social.auth.subjectProperty"
                                 order="1100">
                    <DefaultValues>
                        <Value>openid</Value>
                    </DefaultValues>
                </AttributeSchema>
                <AttributeSchema name="ssoProxyUrl"
                                 type="single"
                                 syntax="string"
                                 i18nKey="am.social.auth.ssoProxyUrl"
                                 order="1300">
                    <DefaultValues>
                        <Value>http://openam.example.com:18080/openam/oauth2c/OAuthProxy.jsp</Value>
                    </DefaultValues>
                </AttributeSchema>
                <AttributeSchema name="accountProviderClass"
                                 type="single"
                                 syntax="string"
                                 i18nKey="am.social.auth.accountProviderClass"
                                 order="1400">
                    <DefaultValues>
                        <Value>org.forgerock.openam.authentication.modules.common.mapping.DefaultAccountProvider</Value>
                    </DefaultValues>
                </AttributeSchema>
                <AttributeSchema name="accountMapperClass"
                                 type="single"
                                 syntax="string"
                                 i18nKey="am.social.auth.accountMapperClass"
                                 order="1500" >
                    <DefaultValues>
                        <Value>org.forgerock.openam.authentication.modules.common.mapping.JsonAttributeMapper|*|wechat-</Value>
                    </DefaultValues>
                </AttributeSchema>
                <AttributeSchema name="accountMapperConfiguration"
                                 type="list"
                                 syntax="string"
                                 i18nKey="am.social.auth.accountMapperConfiguration"
                                 order="1600">
                    <DefaultValues>
                        <Value>openid=uid</Value>
                    </DefaultValues>
                </AttributeSchema>
                <AttributeSchema name="attributeMappingClasses"
                                 type="list"
                                 syntax="string"
                                 i18nKey="am.social.auth.attributeMappingClasses"
                                 order="1700">
                    <DefaultValues>
                        <Value>org.forgerock.openam.authentication.modules.common.mapping.JsonAttributeMapper|uid|wechat-</Value>
                    </DefaultValues>
                </AttributeSchema>
                <AttributeSchema name="attributeMapperConfiguration"
                                 type="list"
                                 syntax="string"
                                 i18nKey="am.social.auth.attributeMapperConfiguration"
                                 order="1800">
                    <DefaultValues>
                        <Value>nickname=givenName</Value>
                        <Value>nickname=sn</Value>
                        <Value>nickname=cn</Value>
                        <Value>openid=uid</Value>
                    </DefaultValues>
                </AttributeSchema>
                <AttributeSchema name="createAccount"
                                 type="single"
                                 syntax="boolean"
                                 i18nKey="am.social.auth.createAccount"
                                 order="1360">
                    <BooleanValues>
                        <BooleanTrueValue i18nKey="i18nTrue">true</BooleanTrueValue>
                        <BooleanFalseValue i18nKey="i18nFalse">false</BooleanFalseValue>
                    </BooleanValues>
                    <DefaultValues>
                        <Value>true</Value>
                    </DefaultValues>
                </AttributeSchema>
                <AttributeSchema name="promptPasswordFlag"
                                 type="single"
                                 syntax="boolean"
                                 i18nKey="am.social.auth.promptPasswordFlag"
                                 order="1905">
                    <BooleanValues>
                        <BooleanTrueValue i18nKey="i18nTrue">true</BooleanTrueValue>
                        <BooleanFalseValue i18nKey="i18nFalse">false</BooleanFalseValue>
                    </BooleanValues>
                    <DefaultValues>
                        <Value>false</Value>
                    </DefaultValues>
                </AttributeSchema>
                <AttributeSchema name="emailAttribute"
                                 type="single"
                                 syntax="string"
                                 i18nKey="am.social.auth.emailAttribute"
                                 order="1910">
                    <DefaultValues>
                        <Value></Value>
                    </DefaultValues>
                </AttributeSchema>
                <AttributeSchema name="emailGateway"
                                 type="single"
                                 syntax="string"
                                 i18nKey="am.social.auth.emailGateway"
                                 order="1915">
                    <DefaultValues>
                        <Value>org.forgerock.openam.authentication.modules.oauth2.DefaultEmailGatewayImpl</Value>
                    </DefaultValues>
                </AttributeSchema>
                <AttributeSchema name="smtpHost"
                                 type="single"
                                 syntax="string"
                                 i18nKey="am.social.auth.smtpHost"
                                 order="1920">
                    <DefaultValues>
                        <Value>localhost</Value>
                    </DefaultValues>
                </AttributeSchema>
                <AttributeSchema name="smtpPort"
                                 type="single"
                                 syntax="string"
                                 i18nKey="am.social.auth.smtpPort"
                                 order="1925">
                    <DefaultValues>
                        <Value>25</Value>
                    </DefaultValues>
                </AttributeSchema>
                <AttributeSchema name="smtpUsername"
                                 type="single"
                                 syntax="string"
                                 i18nKey="am.social.auth.smtpUsername"
                                 order="1930">
                    <DefaultValues>
                        <Value></Value>
                    </DefaultValues>
                </AttributeSchema>
                <AttributeSchema name="smtpPassword"
                                 type="single"
                                 syntax="password"
                                 i18nKey="am.social.auth.smtpPassword"
                                 order="1935">
                </AttributeSchema>
                <AttributeSchema name="smtpSslEnabled"
                                 type="single"
                                 syntax="boolean"
                                 i18nKey="am.social.auth.smtpSslEnabled"
                                 order="1940">
                    <BooleanValues>
                        <BooleanTrueValue i18nKey="i18nTrue">true</BooleanTrueValue>
                        <BooleanFalseValue i18nKey="i18nFalse">false</BooleanFalseValue>
                    </BooleanValues>
                </AttributeSchema>
                <AttributeSchema name="smtpFromAddress"
                                 type="single"
                                 syntax="string"
                                 i18nKey="am.social.auth.smtpFromAddress"
                                 order="1945">
                    <ExampleValue>
                        <Value>info@forgerock.com</Value>
                    </ExampleValue>
                </AttributeSchema>
                <AttributeSchema name="mapToAnonymousUser"
                                 type="single"
                                 syntax="boolean"
                                 i18nKey="am.social.auth.mapToAnonymousUser"
                                 order="2000">
                    <BooleanValues>
                        <BooleanTrueValue i18nKey="i18nTrue">true</BooleanTrueValue>
                        <BooleanFalseValue i18nKey="i18nFalse">false</BooleanFalseValue>
                    </BooleanValues>
                    <DefaultValues>
                        <Value>false</Value>
                    </DefaultValues>
                </AttributeSchema>
                <AttributeSchema name="anonymousUserName"
                                 type="single"
                                 syntax="string"
                                 i18nKey="am.social.auth.anonymousUserName"
                                 order="2100">
                    <DefaultValues>
                        <Value>anonymous</Value>
                    </DefaultValues>
                </AttributeSchema>
                <AttributeSchema name="enableRegistrationService"
                                 type="single"
                                 syntax="boolean"
                                 i18nKey="am.social.auth.enableRegistrationService"
                                 order="1350">
                    <BooleanValues>
                        <BooleanTrueValue i18nKey="i18nTrue">true</BooleanTrueValue>
                        <BooleanFalseValue i18nKey="i18nFalse">false</BooleanFalseValue>
                    </BooleanValues>
                    <DefaultValues>
                        <Value>false</Value>
                    </DefaultValues>
                </AttributeSchema>
                <AttributeSchema name="saveAttributesInSession"
                                 type="single"
                                 syntax="boolean"
                                 i18nKey="am.social.auth.saveAttributesInSession"
                                 order="2400">
                    <BooleanValues>
                        <BooleanTrueValue i18nKey="i18nTrue">true</BooleanTrueValue>
                        <BooleanFalseValue i18nKey="i18nFalse">false</BooleanFalseValue>
                    </BooleanValues>
                    <DefaultValues>
                        <Value>true</Value>
                    </DefaultValues>
                </AttributeSchema>

                <SubSchema name="serverconfig" inheritance="multiple" resourceName="USE-PARENT">
                    <AttributeSchema name="RequiredValueValidator" type="validator" syntax="string">
                        <DefaultValues>
                            <Value>com.sun.identity.sm.RequiredValueValidator</Value>
                        </DefaultValues>
                    </AttributeSchema>

                    <AttributeSchema name="forgerock-am-auth-socialauthwechatmobile-auth-level"
                                     type="single"
                                     syntax="number_range"
                                     rangeStart="0"
                                     rangeEnd="2147483647"
                                     i18nKey="am.social.auth.level"
                                     order="100"
                                     resourceName="authenticationLevel" >
                        <DefaultValues>
                            <Value>0</Value>
                        </DefaultValues>
                    </AttributeSchema>
                    <AttributeSchema name="provider"
                                     type="single"
                                     syntax="string"
                                     i18nKey="am.social.auth.provider"
                                     order="200" >
                        <DefaultValues>
                            <Value>WeChat</Value>
                        </DefaultValues>
                    </AttributeSchema>
                    <AttributeSchema name="userInfoEndpoint"
                                     type="single"
                                     syntax="string"
                                     validator="RequiredValueValidator"
                                     i18nKey="am.social.auth.userInfoEndpoint"
                                     order="800">
                        <DefaultValues>
                            <Value>https://api.wechat.com/sns/userinfo</Value>
                        </DefaultValues>
                    </AttributeSchema>
                    <AttributeSchema name="scope"
                                     type="list"
                                     syntax="string"
                                     validator="RequiredValueValidator"
                                     i18nKey="am.social.auth.scope"
                                     order="900">
                        <DefaultValues>
                            <Value>snsapi_userinfo</Value>
                        </DefaultValues>
                    </AttributeSchema>
                    <AttributeSchema name="subjectProperty"
                                     type="single"
                                     syntax="string"
                                     validator="RequiredValueValidator"
                                     i18nKey="am.social.auth.subjectProperty"
                                     order="1100">
                        <DefaultValues>
                            <Value>openid</Value>
                        </DefaultValues>
                    </AttributeSchema>
                    <AttributeSchema name="ssoProxyUrl"
                                     type="single"
                                     syntax="string"
                                     i18nKey="am.social.auth.ssoProxyUrl"
                                     order="1300">
                        <DefaultValues>
                            <Value>http://openam.example.com:18080/openam/oauth2c/OAuthProxy.jsp</Value>
                        </DefaultValues>
                    </AttributeSchema>
                    <AttributeSchema name="accountProviderClass"
                                     type="single"
                                     syntax="string"
                                     i18nKey="am.social.auth.accountProviderClass"
                                     order="1400">
                        <DefaultValues>
                            <Value>org.forgerock.openam.authentication.modules.common.mapping.DefaultAccountProvider</Value>
                        </DefaultValues>
                    </AttributeSchema>
                    <AttributeSchema name="accountMapperClass"
                                     type="single"
                                     syntax="string"
                                     i18nKey="am.social.auth.accountMapperClass"
                                     order="1500" >
                        <DefaultValues>
                            <Value>org.forgerock.openam.authentication.modules.common.mapping.JsonAttributeMapper|*|wechat-</Value>
                        </DefaultValues>
                    </AttributeSchema>
                    <AttributeSchema name="accountMapperConfiguration"
                                     type="list"
                                     syntax="string"
                                     i18nKey="am.social.auth.accountMapperConfiguration"
                                     order="1600">
                        <DefaultValues>
                            <Value>openid=uid</Value>
                        </DefaultValues>
                    </AttributeSchema>
                    <AttributeSchema name="attributeMappingClasses"
                                     type="list"
                                     syntax="string"
                                     i18nKey="am.social.auth.attributeMappingClasses"
                                     order="1700">
                        <DefaultValues>
                            <Value>org.forgerock.openam.authentication.modules.common.mapping.JsonAttributeMapper|uid|wechat-</Value>
                        </DefaultValues>
                    </AttributeSchema>
                    <AttributeSchema name="attributeMapperConfiguration"
                                     type="list"
                                     syntax="string"
                                     i18nKey="am.social.auth.attributeMapperConfiguration"
                                     order="1800">
                        <DefaultValues>
                            <Value>nickname=givenName</Value>
                            <Value>nickname=sn</Value>
                            <Value>nickname=cn</Value>
                            <Value>openid=uid</Value>
                        </DefaultValues>
                    </AttributeSchema>
                    <AttributeSchema name="createAccount"
                                     type="single"
                                     syntax="boolean"
                                     i18nKey="am.social.auth.createAccount"
                                     order="1360">
                        <BooleanValues>
                            <BooleanTrueValue i18nKey="i18nTrue">true</BooleanTrueValue>
                            <BooleanFalseValue i18nKey="i18nFalse">false</BooleanFalseValue>
                        </BooleanValues>
                        <DefaultValues>
                            <Value>true</Value>
                        </DefaultValues>
                    </AttributeSchema>
                    <AttributeSchema name="promptPasswordFlag"
                                     type="single"
                                     syntax="boolean"
                                     i18nKey="am.social.auth.promptPasswordFlag"
                                     order="1905">
                        <BooleanValues>
                            <BooleanTrueValue i18nKey="i18nTrue">true</BooleanTrueValue>
                            <BooleanFalseValue i18nKey="i18nFalse">false</BooleanFalseValue>
                        </BooleanValues>
                        <DefaultValues>
                            <Value>false</Value>
                        </DefaultValues>
                    </AttributeSchema>
                    <AttributeSchema name="emailAttribute"
                                     type="single"
                                     syntax="string"
                                     i18nKey="am.social.auth.emailAttribute"
                                     order="1910">
                        <DefaultValues>
                            <Value></Value>
                        </DefaultValues>
                    </AttributeSchema>
                    <AttributeSchema name="emailGateway"
                                     type="single"
                                     syntax="string"
                                     i18nKey="am.social.auth.emailGateway"
                                     order="1915">
                        <DefaultValues>
                            <Value>org.forgerock.openam.authentication.modules.oauth2.DefaultEmailGatewayImpl</Value>
                        </DefaultValues>
                    </AttributeSchema>
                    <AttributeSchema name="smtpHost"
                                     type="single"
                                     syntax="string"
                                     i18nKey="am.social.auth.smtpHost"
                                     order="1920">
                        <DefaultValues>
                            <Value>localhost</Value>
                        </DefaultValues>
                    </AttributeSchema>
                    <AttributeSchema name="smtpPort"
                                     type="single"
                                     syntax="string"
                                     i18nKey="am.social.auth.smtpPort"
                                     order="1925">
                        <DefaultValues>
                            <Value>25</Value>
                        </DefaultValues>
                    </AttributeSchema>
                    <AttributeSchema name="smtpUsername"
                                     type="single"
                                     syntax="string"
                                     i18nKey="am.social.auth.smtpUsername"
                                     order="1930">
                        <DefaultValues>
                            <Value></Value>
                        </DefaultValues>
                    </AttributeSchema>
                    <AttributeSchema name="smtpPassword"
                                     type="single"
                                     syntax="password"
                                     i18nKey="am.social.auth.smtpPassword"
                                     order="1935">
                    </AttributeSchema>
                    <AttributeSchema name="smtpSslEnabled"
                                     type="single"
                                     syntax="boolean"
                                     i18nKey="am.social.auth.smtpSslEnabled"
                                     order="1940">
                        <BooleanValues>
                            <BooleanTrueValue i18nKey="i18nTrue">true</BooleanTrueValue>
                            <BooleanFalseValue i18nKey="i18nFalse">false</BooleanFalseValue>
                        </BooleanValues>
                    </AttributeSchema>
                    <AttributeSchema name="smtpFromAddress"
                                     type="single"
                                     syntax="string"
                                     i18nKey="am.social.auth.smtpFromAddress"
                                     order="1945">
                        <ExampleValue>
                            <Value>info@forgerock.com</Value>
                        </ExampleValue>
                    </AttributeSchema>
                    <AttributeSchema name="mapToAnonymousUser"
                                     type="single"
                                     syntax="boolean"
                                     i18nKey="am.social.auth.mapToAnonymousUser"
                                     order="2000">
                        <BooleanValues>
                            <BooleanTrueValue i18nKey="i18nTrue">true</BooleanTrueValue>
                            <BooleanFalseValue i18nKey="i18nFalse">false</BooleanFalseValue>
                        </BooleanValues>
                        <DefaultValues>
                            <Value>false</Value>
                        </DefaultValues>
                    </AttributeSchema>
                    <AttributeSchema name="anonymousUserName"
                                     type="single"
                                     syntax="string"
                                     i18nKey="am.social.auth.anonymousUserName"
                                     order="2100">
                        <DefaultValues>
                            <Value>anonymous</Value>
                        </DefaultValues>
                    </AttributeSchema>
                    <AttributeSchema name="enableRegistrationService"
                                     type="single"
                                     syntax="boolean"
                                     i18nKey="am.social.auth.enableRegistrationService"
                                     order="1350">
                        <BooleanValues>
                            <BooleanTrueValue i18nKey="i18nTrue">true</BooleanTrueValue>
                            <BooleanFalseValue i18nKey="i18nFalse">false</BooleanFalseValue>
                        </BooleanValues>
                        <DefaultValues>
                            <Value>false</Value>
                        </DefaultValues>
                    </AttributeSchema>
                    <AttributeSchema name="saveAttributesInSession"
                                     type="single"
                                     syntax="boolean"
                                     i18nKey="am.social.auth.saveAttributesInSession"
                                     order="2400">
                        <BooleanValues>
                            <BooleanTrueValue i18nKey="i18nTrue">true</BooleanTrueValue>
                            <BooleanFalseValue i18nKey="i18nFalse">false</BooleanFalseValue>
                        </BooleanValues>
                        <DefaultValues>
                            <Value>true</Value>
                        </DefaultValues>
                    </AttributeSchema>
                </SubSchema>
            </Organization>
        </Schema>
    </Service>
</ServicesConfiguration>
