<!--
  Copyright 2013-2017 ForgeRock AS. All Rights Reserved
 
  Use of this code requires a commercial software license with ForgeRock AS.
  or with one of its affiliates. All use shall be exclusively subject
  to such license between the licensee and ForgeRock AS.
-->
<!DOCTYPE ServicesConfiguration PUBLIC "=//iPlanet//Service Management Services (SMS) 1.0 DTD//EN"
        "jar://com/sun/identity/sm/sms.dtd">

<ServicesConfiguration>
    <Service name="iPlanetAMAuthPersistentCookieService" version="1.0">
        <Schema
            serviceHierarchy="/DSAMEConfig/authentication/iPlanetAMAuthPersistentCookieService"
            i18nFileName="amAuthPersistentCookie" revisionNumber="10"
            i18nKey="persistent-cookie-service-description"
            resourceName="persistentcookie">

            <Organization>
                <AttributeSchema
                        name="openam-auth-persistent-cookie-idle-time"
                        type="single" syntax="number_range" rangeStart="0" rangeEnd="2147483647"
                        i18nKey="a001"
                        order="100" resourceName="idleTimeout">
                    <DefaultValues>
                        <Value>5</Value>
                    </DefaultValues>
                </AttributeSchema>
                <AttributeSchema
                        name="openam-auth-persistent-cookie-max-life"
                        type="single" syntax="number_range" rangeStart="0" rangeEnd="2147483647"
                        i18nKey="a002"
                        order="200" resourceName="maxLife">
                    <DefaultValues>
                        <Value>5</Value>
                    </DefaultValues>
                </AttributeSchema>
                <AttributeSchema
                        name="openam-auth-persistent-cookie-enforce-ip"
                        cosQualifier="default" type="single"
                        syntax="boolean" i18nKey="a003" order="300" resourceName="enforceClientIP">
                    <BooleanValues>
                        <BooleanTrueValue i18nKey="i18nTrue">true</BooleanTrueValue>
                        <BooleanFalseValue i18nKey="i18nFalse">false</BooleanFalseValue>
                    </BooleanValues>
                    <DefaultValues>
                        <Value>false</Value>
                    </DefaultValues>
                </AttributeSchema>
                <AttributeSchema
                        name="openam-auth-persistent-cookie-secure-cookie"
                        cosQualifier="default" type="single"
                        syntax="boolean" i18nKey="a004" order="400" resourceName="useSecureCookie">
                    <BooleanValues>
                        <BooleanTrueValue i18nKey="i18nTrue">true</BooleanTrueValue>
                        <BooleanFalseValue i18nKey="i18nFalse">false</BooleanFalseValue>
                    </BooleanValues>
                    <DefaultValues>
                        <Value>true</Value>
                    </DefaultValues>
                </AttributeSchema>
                <AttributeSchema
                        name="openam-auth-persistent-cookie-http-only-cookie"
                        cosQualifier="default" type="single"
                        syntax="boolean" i18nKey="a005" order="500" resourceName="useHttpOnlyCookie">
                    <BooleanValues>
                        <BooleanTrueValue i18nKey="i18nTrue">true</BooleanTrueValue>
                        <BooleanFalseValue i18nKey="i18nFalse">false</BooleanFalseValue>
                    </BooleanValues>
                    <DefaultValues>
                        <Value>true</Value>
                    </DefaultValues>
                </AttributeSchema>
                <AttributeSchema name="openam-auth-persistent-cookie-hmac-key" type="single" syntax="password"
                    i18nKey="a006"
                    order="600" resourceName="hmacKey">
                    <DefaultValues>
                        <Value>oVOBUPViKuoBVcBSy9x3/e5Dp7IaCNDbTlUsmYK5FT8=</Value>
                    </DefaultValues>
                </AttributeSchema>
                <AttributeSchema name="openam-auth-persistent-cookie-name"
                        type="single" syntax="string" i18nKey="a007" resourceName="cookieName">
                    <DefaultValues>
                        <Value>session-jwt</Value>
                    </DefaultValues>
                </AttributeSchema>
                <SubSchema name="serverconfig" inheritance="multiple" resourceName="USE-PARENT">
                    <AttributeSchema
                            name="openam-auth-persistent-cookie-idle-time"
                            type="single" syntax="number_range" rangeStart="0" rangeEnd="2147483647"
                            i18nKey="a001"
                            order="100" resourceName="idleTimeout">
                        <DefaultValues>
                            <Value>5</Value>
                        </DefaultValues>
                    </AttributeSchema>
                    <AttributeSchema
                            name="openam-auth-persistent-cookie-max-life"
                            type="single" syntax="number_range" rangeStart="0" rangeEnd="2147483647"
                            i18nKey="a002"
                            order="200" resourceName="maxLife">
                        <DefaultValues>
                            <Value>5</Value>
                        </DefaultValues>
                    </AttributeSchema>
                    <AttributeSchema
                            name="openam-auth-persistent-cookie-enforce-ip"
                            cosQualifier="default" type="single"
                            syntax="boolean" i18nKey="a003" order="300" resourceName="enforceClientIP">
                        <BooleanValues>
                            <BooleanTrueValue i18nKey="i18nTrue">true</BooleanTrueValue>
                            <BooleanFalseValue i18nKey="i18nFalse">false</BooleanFalseValue>
                        </BooleanValues>
                        <DefaultValues>
                            <Value>false</Value>
                        </DefaultValues>
                    </AttributeSchema>
                    <AttributeSchema
                            name="openam-auth-persistent-cookie-secure-cookie"
                            cosQualifier="default" type="single"
                            syntax="boolean" i18nKey="a004" order="400" resourceName="useSecureCookie">
                        <BooleanValues>
                            <BooleanTrueValue i18nKey="i18nTrue">true</BooleanTrueValue>
                            <BooleanFalseValue i18nKey="i18nFalse">false</BooleanFalseValue>
                        </BooleanValues>
                        <DefaultValues>
                            <Value>true</Value>
                        </DefaultValues>
                    </AttributeSchema>
                    <AttributeSchema
                            name="openam-auth-persistent-cookie-http-only-cookie"
                            cosQualifier="default" type="single"
                            syntax="boolean" i18nKey="a005" order="500" resourceName="useHttpOnlyCookie">
                        <BooleanValues>
                            <BooleanTrueValue i18nKey="i18nTrue">true</BooleanTrueValue>
                            <BooleanFalseValue i18nKey="i18nFalse">false</BooleanFalseValue>
                        </BooleanValues>
                        <DefaultValues>
                            <Value>true</Value>
                        </DefaultValues>
                    </AttributeSchema>
                    <AttributeSchema name="openam-auth-persistent-cookie-hmac-key" type="single" syntax="password"
                        i18nKey="a006"
                        order="600" resourceName="hmacKey">
                        <DefaultValues>
                            <Value>oVOBUPViKuoBVcBSy9x3/e5Dp7IaCNDbTlUsmYK5FT8=</Value>
                        </DefaultValues>
                    </AttributeSchema>
                    <AttributeSchema name="openam-auth-persistent-cookie-name"
                            type="single" syntax="string" i18nKey="a007" resourceName="cookieName">
                        <DefaultValues>
                            <Value>session-jwt</Value>
                        </DefaultValues>
                    </AttributeSchema>
                </SubSchema>
            </Organization>
        </Schema>
    </Service>
</ServicesConfiguration>
