<?xml version="1.0" encoding="UTF-8"?>
<!--
    DO NOT ALTER OR REMOVE COPYRIGHT NOTICES OR THIS HEADER.

    Copyright 2011-2015 ForgeRock AS.
    Copyright 2011 Cybernetica AS.

    The contents of this file are subject to the terms
    of the Common Development and Distribution License
    (the License). You may not use this file except in
    compliance with the License.

    You can obtain a copy of the License at
    http://forgerock.org/license/CDDLv1.0.html
    See the License for the specific language governing
    permission and limitations under the License.

    When distributing Covered Code, include this CDDL
    Header Notice in each file and include the License file
    at http://forgerock.org/license/CDDLv1.0.html
    If applicable, add the following below the CDDL Header,
    with the fields enclosed by brackets [] replaced by
    your own identifying information:
    "Portions Copyrighted [year] [name of copyright owner]"

-->
<!--
    Portions Copyrighted 2012 Open Source Solution Technology Corporation
    Portions Copyrighted 2013 Nomura Research Institute, Ltd
-->

<!DOCTYPE ServicesConfiguration
    PUBLIC "=//iPlanet//Service Management Services (SMS) 1.0 DTD//EN" "jar://com/sun/identity/sm/sms.dtd">

<ServicesConfiguration>
    <Service name="iPlanetAMAuthDeviceIdMatchService" version="1.0">
        <Schema
            serviceHierarchy="/DSAMEConfig/authentication/iPlanetAMAuthDeviceIdMatchService"
            i18nFileName="amAuthDeviceIdMatch"
            revisionNumber="1"
            i18nKey="iplanet-am-auth-device-id-match-service-description"
            resourceName="deviceidmatch">
            <Organization>
                <AttributeSchema name="iplanet-am-auth-scripted-client-script-enabled"
                                 type="single"
                                 syntax="boolean"
                                 i18nKey="a101"
                                 order="100"
                                 resourceName="clientScriptEnabled">
                    <BooleanValues>
                        <BooleanTrueValue i18nKey="i18nTrue">true</BooleanTrueValue>
                        <BooleanFalseValue i18nKey="i18nFalse">false</BooleanFalseValue>
                    </BooleanValues>
                    <DefaultValues>
                        <Value>true</Value>
                    </DefaultValues>
                </AttributeSchema>
                <AttributeSchema name="iplanet-am-auth-scripted-client-script"
                                 type="single_choice"
                                 uitype="scriptSelect"
                                 propertiesViewBeanURL="../XUI/%23realms/{0}/scripts/edit/{1}"
                                 syntax="string"
                                 i18nKey="a102"
                                 order="200"
                                 resourceName="clientScript">
                    <ChoiceValues>
                        <ChoiceValuesClassName className="org.forgerock.openam.scripting.service.ScriptChoiceValues">
                            <AttributeValuePair>
                                <Attribute name="ContextId"/>
                                <Value>AUTHENTICATION_CLIENT_SIDE</Value>
                            </AttributeValuePair>
                        </ChoiceValuesClassName>
                    </ChoiceValues>
                    <DefaultValues>
                        <Value>157298c0-7d31-4059-a95b-eeb08473b7e5</Value>
                    </DefaultValues>
                </AttributeSchema>
                <AttributeSchema name="iplanet-am-auth-scripted-server-script"
                                 type="single_choice"
                                 uitype="scriptSelect"
                                 propertiesViewBeanURL="../XUI/%23realms/{0}/scripts/edit/{1}"
                                 syntax="string"
                                 i18nKey="a104"
                                 order="300"
                                 resourceName="serverScript">
                    <ChoiceValues>
                        <ChoiceValuesClassName className="org.forgerock.openam.scripting.service.ScriptChoiceValues">
                            <AttributeValuePair>
                                <Attribute name="ContextId"/>
                                <Value>AUTHENTICATION_SERVER_SIDE</Value>
                            </AttributeValuePair>
                        </ChoiceValuesClassName>
                    </ChoiceValues>
                    <DefaultValues>
                        <Value>703dab1a-1921-4981-98dd-b8e5349d8548</Value>
                    </DefaultValues>
                </AttributeSchema>
                <AttributeSchema name="iplanet-am-auth-scripted-auth-level"
                                 type="single"
                                 syntax="number_range" rangeStart="0" rangeEnd="2147483647"
                                 i18nKey="a500"
                                 order="400"
                                 resourceName="authenticationLevel">
                    <DefaultValues>
                        <Value>0</Value>
                    </DefaultValues>
                </AttributeSchema>

                <SubSchema name="serverconfig" inheritance="multiple" resourceName="USE-PARENT">
                    <AttributeSchema name="iplanet-am-auth-scripted-client-script-enabled"
                                     type="single"
                                     syntax="boolean"
                                     i18nKey="a101"
                                     order="100"
                                     resourceName="clientScriptEnabled">
                        <BooleanValues>
                            <BooleanTrueValue i18nKey="i18nTrue">true</BooleanTrueValue>
                            <BooleanFalseValue i18nKey="i18nFalse">false</BooleanFalseValue>
                        </BooleanValues>
                        <DefaultValues>
                            <Value>true</Value>
                        </DefaultValues>
                    </AttributeSchema>
                    <AttributeSchema name="iplanet-am-auth-scripted-client-script"
                                     type="single_choice"
                                     uitype="scriptSelect"
                                     propertiesViewBeanURL="../XUI/%23realms/{0}/scripts/edit/{1}"
                                     syntax="string"
                                     i18nKey="a102"
                                     order="200"
                                     resourceName="clientScript">
                        <ChoiceValues>
                            <ChoiceValuesClassName className="org.forgerock.openam.scripting.service.ScriptChoiceValues">
                                <AttributeValuePair>
                                    <Attribute name="ContextId"/>
                                    <Value>AUTHENTICATION_CLIENT_SIDE</Value>
                                </AttributeValuePair>
                            </ChoiceValuesClassName>
                        </ChoiceValues>
                        <DefaultValues>
                            <Value>157298c0-7d31-4059-a95b-eeb08473b7e5</Value>
                        </DefaultValues>
                    </AttributeSchema>
                    <AttributeSchema name="iplanet-am-auth-scripted-server-script"
                                     type="single_choice"
                                     uitype="scriptSelect"
                                     propertiesViewBeanURL="../XUI/%23realms/{0}/scripts/edit/{1}"
                                     syntax="string"
                                     i18nKey="a104"
                                     order="300"
                                     resourceName="serverScript">
                        <ChoiceValues>
                            <ChoiceValuesClassName className="org.forgerock.openam.scripting.service.ScriptChoiceValues">
                                <AttributeValuePair>
                                    <Attribute name="ContextId"/>
                                    <Value>AUTHENTICATION_SERVER_SIDE</Value>
                                </AttributeValuePair>
                            </ChoiceValuesClassName>
                        </ChoiceValues>
                        <DefaultValues>
                            <Value>703dab1a-1921-4981-98dd-b8e5349d8548</Value>
                        </DefaultValues>
                    </AttributeSchema>
                    <AttributeSchema name="iplanet-am-auth-scripted-auth-level"
                                     type="single"
                                     syntax="number_range" rangeStart="0" rangeEnd="2147483647"
                                     i18nKey="a500"
                                     order="400"
                                     resourceName="authenticationLevel">
                        <DefaultValues>
                            <Value>0</Value>
                        </DefaultValues>
                    </AttributeSchema>
                </SubSchema>
            </Organization>
        </Schema>
    </Service>
</ServicesConfiguration>
