<?xml version="1.0" encoding="UTF-8"?>
<!DOCTYPE ServicesConfiguration
        PUBLIC "=//iPlanet//Service Management Services (SMS) 1.0 DTD//EN"
        "jar://com/sun/identity/sm/sms.dtd">
<!--
  Copyright 2016-2017 ForgeRock AS. All Rights Reserved
 
  Use of this code requires a commercial software license with ForgeRock AS.
  or with one of its affiliates. All use shall be exclusively subject
  to such license between the licensee and ForgeRock AS.
-->

<ServicesConfiguration>
    <Service name="AuthenticatorPush" version="1.0">
        <Schema
                serviceHierarchy="/DSAMEConfig/ForgeRockAuthenticatorPushService"
                i18nFileName="AuthenticatorPushService"
                revisionNumber="1"
                resourceName="authenticatorPushService"
                i18nKey="forgerock-auth-authenticator-push-service-description">
            <Organization>

                <AttributeSchema name="iplanet-am-auth-authenticator-push-attr-name"
                                 type="single"
                                 syntax="string"
                                 i18nKey="a100"
                                 order="100"
                                 resourceName="pushAttrName">
                    <DefaultValues>
                        <Value>pushDeviceProfiles</Value>
                    </DefaultValues>
                </AttributeSchema>

                <AttributeSchema name="openam-auth-authenticator-push-device-settings-encryption-scheme"
                                 type="single_choice"
                                 i18nKey="a101"
                                 order="200"
                                 resourceName="authenticatorPushDeviceSettingsEncryptionScheme">
                    <ChoiceValues>
                        <ChoiceValue i18nKey="RSAES_AES256CBC_HS512">RSAES_AES256CBC_HS512</ChoiceValue>
                        <ChoiceValue i18nKey="RSAES_AES128CBC_HS256">RSAES_AES128CBC_HS256</ChoiceValue>
                        <ChoiceValue i18nKey="None">NONE</ChoiceValue>
                    </ChoiceValues>
                    <DefaultValues>
                        <Value>NONE</Value>
                    </DefaultValues>
                </AttributeSchema>

                <AttributeSchema name="openam-auth-authenticator-push-device-settings-encryption-keystore"
                                 type="single"
                                 syntax="string"
                                 i18nKey="a102"
                                 order="300"
                                 resourceName="authenticatorPushDeviceSettingsEncryptionKeystore">
                    <DefaultValues>
                        <Value>/Users/lede/projects/phoenix/forgerock/config/openam/keystore.jks</Value>
                    </DefaultValues>
                </AttributeSchema>

                <AttributeSchema name="openam-auth-authenticator-push-device-settings-encryption-keystore-type"
                                 type="single_choice"
                                 i18nKey="a103"
                                 order="400"
                                 resourceName="authenticatorPushDeviceSettingsEncryptionKeystoreType">
                    <ChoiceValues>
                        <ChoiceValue i18nKey="JKS">JKS</ChoiceValue>
                        <ChoiceValue i18nKey="JCEKS">JCEKS</ChoiceValue>
                        <ChoiceValue i18nKey="PKCS11">PKCS11</ChoiceValue>
                        <ChoiceValue i18nKey="PKCS12">PKCS12</ChoiceValue>
                    </ChoiceValues>
                    <DefaultValues>
                        <Value>JKS</Value>
                    </DefaultValues>
                </AttributeSchema>

                <AttributeSchema name="openam-auth-authenticator-push-device-settings-encryption-keystore-password"
                                 type="single"
                                 syntax="password"
                                 i18nKey="a104"
                                 order="500"
                                 resourceName="authenticatorPushDeviceSettingsEncryptionKeystorePassword">
                    <DefaultValues>
                        <Value>changeit</Value>
                    </DefaultValues>
                </AttributeSchema>

                <AttributeSchema name="openam-auth-authenticator-push-device-settings-encryption-keypair-alias"
                                 type="single"
                                 syntax="string"
                                 i18nKey="a105"
                                 order="600"
                                 resourceName="authenticatorPushDeviceSettingsEncryptionKeystoreKeyPairAlias">
                </AttributeSchema>

                <AttributeSchema name="openam-auth-authenticator-push-device-settings-encryption-privatekey-password"
                                 type="single"
                                 syntax="password"
                                 i18nKey="a106"
                                 order="700"
                                 resourceName="authenticatorPushDeviceSettingsEncryptionKeystorePrivateKeyPassword">
                </AttributeSchema>

            </Organization>
        </Schema>
    </Service>
</ServicesConfiguration>
