<?xml version="1.0" encoding="ISO-8859-1"?>

<!--
   DO NOT ALTER OR REMOVE COPYRIGHT NOTICES OR THIS HEADER.
  
    Copyright (c) 2009 Sun Microsystems Inc. All Rights Reserved
  
    The contents of this file are subject to the terms
    of the Common Development and Distribution License
    (the License). You may not use this file except in
    compliance with the License.

    You can obtain a copy of the License at
    https://opensso.dev.java.net/public/CDDLv1.0.html or
    opensso/legal/CDDLv1.0.txt
    See the License for the specific language governing
    permission and limitations under the License.

    When distributing Covered Code, include this CDDL
    Header Notice in each file and include the License file
    at opensso/legal/CDDLv1.0.txt.
    If applicable, add the following below the CDDL Header,
    with the fields enclosed by brackets [] replaced by
    your own identifying information:
    "Portions Copyrighted [year] [name of copyright owner]"

    $Id: banking.xml,v 1.1 2009/08/19 05:40:40 veiming Exp $

-->

<!DOCTYPE ServicesConfiguration
    PUBLIC "=//iPlanet//Service Management Services (SMS) 1.0 DTD//EN"
    "jar://com/sun/identity/sm/sms.dtd">

<ServicesConfiguration>
    <Service name="banking" version="1.0">
        <Schema
            i18nFileName=""
            i18nKey="">
            <Global>
                <AttributeSchema name="serviceObjectClasses"
                    type="list"
                    syntax="string"
                    i18nKey="">
                    <DefaultValues>
                        <Value>banking-service</Value>
                    </DefaultValues>
                </AttributeSchema>
            </Global>

            <Policy>
                <AttributeSchema name="TRANSFER"
                    type="single"
                    syntax="boolean"
                    uitype="radio"
                    i18nKey="">
                    <IsResourceNameAllowed/>
                    <BooleanValues>
                        <BooleanTrueValue>true</BooleanTrueValue>
                        <BooleanFalseValue>false</BooleanFalseValue>
                    </BooleanValues>
                </AttributeSchema>
            </Policy>
        </Schema>
    </Service>
</ServicesConfiguration>
