<?xml version="1.0" encoding="ISO-8859-1"?>

<!--
  Copyright 2014-2017 ForgeRock AS. All Rights Reserved
 
  Use of this code requires a commercial software license with ForgeRock AS.
  or with one of its affiliates. All use shall be exclusively subject
  to such license between the licensee and ForgeRock AS.
-->

<!DOCTYPE ServicesConfiguration
    PUBLIC "=//iPlanet//Service Management Services (SMS) 1.0 DTD//EN"
    "jar://com/sun/identity/sm/sms.dtd">

<ServicesConfiguration>
    <Service name="crestPolicyService" version="1.0">
        <Schema i18nFileName="crestPolicyService" i18nKey="crest-policy-service-description">
            <Global>
                <AttributeSchema name="serviceObjectClasses" type="list" syntax="string" i18nKey="">
                    <DefaultValues>
                        <Value>crest-policy-service</Value>
                    </DefaultValues>
                </AttributeSchema>
            </Global>
            <Policy>
                <AttributeSchema name="CREATE" type="single" syntax="boolean" uitype="radio" i18nKey="CREATE" order="200">
                    <IsResourceNameAllowed />
                    <BooleanValues>
                        <BooleanTrueValue i18nKey="allow">allow</BooleanTrueValue>
                        <BooleanFalseValue i18nKey="deny">deny</BooleanFalseValue>
                    </BooleanValues>
                </AttributeSchema>
                <AttributeSchema name="READ" type="single" syntax="boolean" uitype="radio" i18nKey="READ" order="600">
                    <IsResourceNameAllowed />
                    <BooleanValues>
                        <BooleanTrueValue i18nKey="allow">allow</BooleanTrueValue>
                        <BooleanFalseValue i18nKey="deny">deny</BooleanFalseValue>
                    </BooleanValues>
                </AttributeSchema>
                <AttributeSchema name="UPDATE" type="single" syntax="boolean" uitype="radio" i18nKey="UPDATE" order="700">
                    <IsResourceNameAllowed />
                    <BooleanValues>
                        <BooleanTrueValue i18nKey="allow">allow</BooleanTrueValue>
                        <BooleanFalseValue i18nKey="deny">deny</BooleanFalseValue>
                    </BooleanValues>
                </AttributeSchema>
                <AttributeSchema name="DELETE" type="single" syntax="boolean" uitype="radio" i18nKey="DELETE" order="300">
                    <IsResourceNameAllowed />
                    <BooleanValues>
                        <BooleanTrueValue i18nKey="allow">allow</BooleanTrueValue>
                        <BooleanFalseValue i18nKey="deny">deny</BooleanFalseValue>
                    </BooleanValues>
                </AttributeSchema>
                <AttributeSchema name="PATCH" type="single" syntax="boolean" uitype="radio" i18nKey="PATCH" order="400">
                    <IsResourceNameAllowed />
                    <BooleanValues>
                        <BooleanTrueValue i18nKey="allow">allow</BooleanTrueValue>
                        <BooleanFalseValue i18nKey="deny">deny</BooleanFalseValue>
                    </BooleanValues>
                </AttributeSchema>
                <AttributeSchema name="ACTION" type="single" syntax="boolean" uitype="radio" i18nKey="ACTION" order="100">
                    <IsResourceNameAllowed />
                    <BooleanValues>
                        <BooleanTrueValue i18nKey="allow">allow</BooleanTrueValue>
                        <BooleanFalseValue i18nKey="deny">deny</BooleanFalseValue>
                    </BooleanValues>
                </AttributeSchema>
                <AttributeSchema name="QUERY" type="single" syntax="boolean" uitype="radio" i18nKey="QUERY" order="500">
                    <IsResourceNameAllowed />
                    <BooleanValues>
                        <BooleanTrueValue i18nKey="allow">allow</BooleanTrueValue>
                        <BooleanFalseValue i18nKey="deny">deny</BooleanFalseValue>
                    </BooleanValues>
                </AttributeSchema>
            </Policy>
        </Schema>
    </Service>
</ServicesConfiguration>
