<?xml version="1.0" encoding="ISO-8859-1"?>

<!--
   DO NOT ALTER OR REMOVE COPYRIGHT NOTICES OR THIS HEADER.
  
Copyright (c) 2007 Sun Microsystems Inc. All Rights Reserved
  
The contents of this file are subject to the terms
of the Common Development and Distribution License
(the License). You may not use this file except in
compliance with the License.

You can obtain a copy of the License at
https://opensso.dev.java.net/public/CDDLv1.0.html or
opensso/legal/CDDLv1.0.txt
See the License for the specific language governing
permission and limitations under the License.

When distributing Covered Code, include this CDDL
Header Notice in each file and include the License file
at opensso/legal/CDDLv1.0.txt.
If applicable, add the following below the CDDL Header,
with the fields enclosed by brackets [] replaced by
your own identifying information:
"Portions Copyrighted [year] [name of copyright owner]"

$Id: fmAuthSAE.xml,v 1.3 2008/06/25 05:51:13 qcheng Exp $

-->
<!--
    Portions Copyright 2015 ForgeRock AS.
-->
<!DOCTYPE ServicesConfiguration
    PUBLIC "=//iPlanet//Service Management Services (SMS) 1.0 DTD//EN"
    "jar://com/sun/identity/sm/sms.dtd">
<ServicesConfiguration>
    <Service name="sunAMAuthSAEService" version="1.0">
        <Schema
            serviceHierarchy="/DSAMEConfig/authentication/sunAMAuthSAEService"
            i18nFileName="fmAuthSAE"
	        revisionNumber="10"
            i18nKey="sunAMAuthSAEServiceDescription"
            resourceName="sae">
	    
            <Organization>                  
		<AttributeSchema name="sunAMAuthSAEAuthLevel"
                    type="single"
                    syntax="number"
                    i18nKey="a500"
                    order="100"
                    resourceName="authenticationLevel">
                    <DefaultValues>
                        <Value>0</Value>
                    </DefaultValues>
                </AttributeSchema>
            <SubSchema name="serverconfig" inheritance="multiple" resourceName="USE-PARENT">
    		    <AttributeSchema name="sunAMAuthSAEAuthLevel"
                        type="single"
                        syntax="number"
                        i18nKey="a500"
                        order="100"
                         resourceName="authenticationLevel">
                        <DefaultValues>
                            <Value>0</Value>
                        </DefaultValues>
                    </AttributeSchema>
		</SubSchema>
            </Organization>
        </Schema>
	<Configuration>
            <OrganizationConfiguration name="/">
                <AttributeValuePair>
                    <Attribute name="sunAMAuthSAEAuthLevel"/>
                    <Value>0</Value>
                </AttributeValuePair>
            </OrganizationConfiguration>
        </Configuration>
    </Service>
</ServicesConfiguration>

