<?xml version="1.0" encoding="UTF-8"?>
<!DOCTYPE ServicesConfiguration
        PUBLIC "=//iPlanet//Service Management Services (SMS) 1.0 DTD//EN"
        "jar://com/sun/identity/sm/sms.dtd">
<!--
  Copyright 2013-2017 ForgeRock AS. All Rights Reserved
 
  Use of this code requires a commercial software license with ForgeRock AS.
  or with one of its affiliates. All use shall be exclusively subject
  to such license between the licensee and ForgeRock AS.
-->

<ServicesConfiguration>
    <Service name="MailServer" version="1.0">
        <Schema
                serviceHierarchy="/DSAMEConfig/ForgeRockSendEmailService"
                i18nFileName="MailServer"
                revisionNumber="1"
                resourceName="email"
                i18nKey="forgerock-email-service-description">

            <Organization>
                <AttributeSchema name="forgerockMailServerImplClassName"
                                 type="single"
                                 syntax="string"
                                 resourceName="emailImplClassName"
                                 i18nKey="a100"
                                 order="100">
                    <DefaultValues>
                        <Value>org.forgerock.openam.services.email.MailServerImpl</Value>
                    </DefaultValues>
                </AttributeSchema>
                <AttributeSchema name="forgerockEmailServiceSMTPHostName"
                                 type="single"
                                 syntax="string"
                                 resourceName="hostname"
                                 i18nKey="a101"
                                 order="200">
                    <ExampleValue>
                        <Value>smtp.example.com</Value>
                    </ExampleValue>
                </AttributeSchema>
                <AttributeSchema name="forgerockEmailServiceSMTPHostPort"
                                 type="single"
                                 syntax="number_range" rangeStart="0" rangeEnd="65535"
                                 resourceName="port"
                                 i18nKey="a102"
                                 order="300">
                    <DefaultValues>
                        <Value>465</Value>
                    </DefaultValues>
                </AttributeSchema>
                <AttributeSchema name="forgerockEmailServiceSMTPUserName"
                                 type="single"
                                 syntax="string"
                                 resourceName="username"
                                 i18nKey="a103"
                                 order="400">
                    <ExampleValue>
                        <Value>username</Value>
                    </ExampleValue>
                </AttributeSchema>
                <AttributeSchema name="forgerockEmailServiceSMTPUserPassword"
                                 type="single"
                                 syntax="password"
                                 resourceName="password"
                                 i18nKey="a104"
                                 order="500">
                </AttributeSchema>
                <AttributeSchema name="forgerockEmailServiceSMTPSSLEnabled"
                                 type="single_choice"
                                 syntax="string"
                                 resourceName="sslState"
                                 i18nKey="a105"
                                 order="600">
                    <ChoiceValues>
                        <ChoiceValue i18nKey="ssl">SSL</ChoiceValue>
                        <ChoiceValue i18nKey="nonssl">Non SSL</ChoiceValue>
                        <ChoiceValue i18nKey="starttls">Start TLS</ChoiceValue>
                    </ChoiceValues>
                    <DefaultValues>
                        <Value>SSL</Value>
                    </DefaultValues>
                </AttributeSchema>
                <AttributeSchema name="forgerockEmailServiceSMTPFromAddress"
                                 type="single"
                                 syntax="string"
                                 resourceName="from"
                                 i18nKey="a106"
                                 order="700">
                    <ExampleValue>
                        <Value>no-reply@example.com</Value>
                    </ExampleValue>
                </AttributeSchema>
                <AttributeSchema name="openamEmailAttribute"
                                 type="single"
                                 syntax="string"
                                 resourceName="emailAddressAttribute"
                                 i18nKey="a107"
                                 order="800">
                    <DefaultValues>
                        <Value>mail</Value>
                    </DefaultValues>
                </AttributeSchema>
                <AttributeSchema name="forgerockEmailServiceSMTPSubject"
                                 type="single"
                                 syntax="string"
                                 resourceName="subject"
                                 i18nKey="a108"
                                 order="900">
                    <IsOptional/>
                </AttributeSchema>
                <AttributeSchema name="forgerockEmailServiceSMTPMessage"
                                 type="single"
                                 syntax="string"
                                 resourceName="message"
                                 i18nKey="a109"
                                 order="1000">
                    <IsOptional/>
                </AttributeSchema>
            </Organization>
        </Schema>
    </Service>
</ServicesConfiguration>
