<?xml version="1.0" encoding="UTF-8"?>
<!DOCTYPE ServicesConfiguration
        PUBLIC "=//iPlanet//Service Management Services (SMS) 1.0 DTD//EN"
        "jar://com/sun/identity/sm/sms.dtd">
<!--
  Copyright 2015-2017 ForgeRock AS. All Rights Reserved
 
  Use of this code requires a commercial software license with ForgeRock AS.
  or with one of its affiliates. All use shall be exclusively subject
  to such license between the licensee and ForgeRock AS.
-->

<ServicesConfiguration>
    <Service name="UmaProvider" version="1.0">
        <Schema
                serviceHierarchy="/DSAMEConfig/umaProviderService"
                i18nFileName="UmaProvider"
                revisionNumber="1"
                i18nKey="forgerock-am-uma-service-description"
                resourceName="uma">
            <Organization>
                <AttributeSchema name="uma-permission-ticket-lifetime"
                                 type="single"
                                 syntax="number_range" rangeStart="0" rangeEnd="2147483647"
                                 validator="RequiredValueValidator"
                                 i18nKey="a102"
                                 order="200"
                                 resourceName="permissionTicketLifetime">
                    <DefaultValues>
                        <Value>120</Value>
                    </DefaultValues>
                </AttributeSchema>

                <AttributeSchema name="uma-delete-policies-on-resource-server-deletion"
                                 type="single"
                                 syntax="boolean"
                                 i18nKey="a103"
                                 order="300"
                                 resourceName="deletePoliciesOnDeleteRS">
                    <BooleanValues>
                        <BooleanTrueValue i18nKey="i18nTrue">true</BooleanTrueValue>
                        <BooleanFalseValue i18nKey="i18nFalse">false</BooleanFalseValue>
                    </BooleanValues>
                    <DefaultValues>
                        <Value>true</Value>
                    </DefaultValues>
                </AttributeSchema>

                <AttributeSchema name="uma-delete-resource-sets-on-resource-server-deletion"
                                 type="single"
                                 syntax="boolean"
                                 i18nKey="a104"
                                 order="400"
                                 resourceName="deleteResourceSetsOnDeleteRS">
                    <BooleanValues>
                        <BooleanTrueValue i18nKey="i18nTrue">true</BooleanTrueValue>
                        <BooleanFalseValue i18nKey="i18nFalse">false</BooleanFalseValue>
                    </BooleanValues>
                    <DefaultValues>
                        <Value>true</Value>
                    </DefaultValues>
                </AttributeSchema>

                <AttributeSchema name="pendingRequestsEnabled" type="single" i18nKey="pendingRequestsEnabled"
                        order="450" syntax="boolean">
                    <BooleanValues>
                        <BooleanTrueValue i18nKey="i18nTrue">true</BooleanTrueValue>
                        <BooleanFalseValue i18nKey="i18nFalse">false</BooleanFalseValue>
                    </BooleanValues>
                    <DefaultValues>
                        <Value>true</Value>
                    </DefaultValues>
                </AttributeSchema>

                <AttributeSchema name="emailResourceOwnerOnPendingRequestCreation"
                                 type="single"
                                 syntax="boolean"
                                 i18nKey="a105"
                                 order="500">
                    <BooleanValues>
                        <BooleanTrueValue i18nKey="i18nTrue">true</BooleanTrueValue>
                        <BooleanFalseValue i18nKey="i18nFalse">false</BooleanFalseValue>
                    </BooleanValues>
                    <DefaultValues>
                        <Value>true</Value>
                    </DefaultValues>
                </AttributeSchema>

                <AttributeSchema name="emailRequestingPartyOnPendingRequestApproval"
                                 type="single"
                                 syntax="boolean"
                                 i18nKey="a106"
                                 order="600">
                    <BooleanValues>
                        <BooleanTrueValue i18nKey="i18nTrue">true</BooleanTrueValue>
                        <BooleanFalseValue i18nKey="i18nFalse">false</BooleanFalseValue>
                    </BooleanValues>
                    <DefaultValues>
                        <Value>true</Value>
                    </DefaultValues>
                </AttributeSchema>

                <AttributeSchema name="userProfileLocaleAttribute"
                                 type="single"
                                 syntax="string"
                                 i18nKey="a107"
                                 order="700">
                    <DefaultValues>
                        <Value>inetOrgPerson</Value>
                    </DefaultValues>
                </AttributeSchema>

                <AttributeSchema name="resharingMode"
                                 type="single_choice"
                                 syntax="string"
                                 i18nKey="a108"
                                 order="800">
                    <ChoiceValues>
                        <ChoiceValue i18nKey="resharingModeChoiceOff">OFF</ChoiceValue>
                        <ChoiceValue i18nKey="resharingModeChoiceImplicit">IMPLICIT</ChoiceValue>
                    </ChoiceValues>
                    <DefaultValues>
                        <Value>IMPLICIT</Value>
                    </DefaultValues>
                </AttributeSchema>

                <AttributeSchema name="uma-supported-uma-profiles"
                                 type="list"
                                 syntax="string"
                                 i18nKey=""
                                 resourceName="supportedUmaProfiles">
                    <DefaultValues>
                    </DefaultValues>
                </AttributeSchema>

                <AttributeSchema name="grantRptConditions" type="multiple_choice" i18nKey="grantRptConditions"
                        order="900">
                    <ChoiceValues>
                        <ChoiceValue i18nKey="grantRptPartialRequested">REQUEST_PARTIAL</ChoiceValue>
                        <ChoiceValue i18nKey="grantRptPartialTicket">TICKET_PARTIAL</ChoiceValue>
                        <ChoiceValue i18nKey="grantRptNoRequested">REQUEST_NONE</ChoiceValue>
                        <ChoiceValue i18nKey="grantRptNoTicket">TICKET_NONE</ChoiceValue>
                    </ChoiceValues>
                    <DefaultValues>
                        <Value>REQUEST_PARTIAL</Value>
                        <Value>TICKET_PARTIAL</Value>
                        <Value>REQUEST_NONE</Value>
                    </DefaultValues>
                </AttributeSchema>


            </Organization>
        </Schema>
    </Service>
</ServicesConfiguration>
