{
  "instance" : "http://openam.example.com:18080/openam",
  "dsameUser" : "cn=dsameuser,ou=DSAME Users,dc=openam,dc=forgerock,dc=org",
  "keystores" : {
    "default" : {
      "keyStorePasswordFile" : "/Users/lede/projects/phoenix/forgerock/config/openam/.storepass",
      "keyPasswordFile" : "/Users/lede/projects/phoenix/forgerock/config/openam/.keypass",
      "keyStoreType" : "JCEKS",
      "keyStoreFile" : "/Users/lede/projects/phoenix/forgerock/config/openam/keystore.jceks"
    }
  },
  "configStoreList" : [ {
    "baseDN" : "dc=openam,dc=forgerock,dc=org",
    "dirManagerDN" : "cn=Directory Manager",
    "ldapHost" : "localhost",
    "ldapPort" : 50389,
    "ldapProtocol" : "ldap"
  } ]
}