<?xml version="1.0" encoding="ISO-8859-1"?>
<!--
  ~ Copyright 2017 ForgeRock AS. All Rights Reserved
  ~
  ~ Use of this code requires a commercial software license with ForgeRock AS.
  ~ or with one of its affiliates. All use shall be exclusively subject
  ~ to such license between the licensee and ForgeRock AS.
  -->
<!DOCTYPE ServicesConfiguration
    PUBLIC "=//iPlanet//Service Management Services (SMS) 1.0 DTD//EN"
    "jar://com/sun/identity/sm/sms.dtd">
<ServicesConfiguration>
    <Service name="amPluginService" version="1.0">
        <Schema
            serviceHierarchy="/DSAMEConfig/amPluginService"
            revisionNumber="1"
            i18nKey="">
            <Global>
                <SubSchema name="plugins">
                    <SubSchema name="plugin" inheritance="multiple">
                        <AttributeSchema name="version"
                            type="single"
                            syntax="string"/>
                    </SubSchema>
                </SubSchema>
            </Global>
        </Schema>
        <Configuration>
            <GlobalConfiguration>
                <SubConfiguration name="plugins" />
            </GlobalConfiguration>
        </Configuration>
    </Service>
</ServicesConfiguration>
