<?xml version="1.0" encoding="UTF-8"?>

<!--
   DO NOT ALTER OR REMOVE COPYRIGHT NOTICES OR THIS HEADER.
  
   Copyright (c) 2009 Sun Microsystems Inc. All Rights Reserved
  
   The contents of this file are subject to the terms
   of the Common Development and Distribution License
   (the License). You may not use this file except in 
   compliance with the License.

   You can obtain a copy of the License at
   https://opensso.dev.java.net/public/CDDLv1.0.html or
   opensso/legal/CDDLv1.0.txt
   See the License for the specific language governing
   permission and limitations under the License.

   When distributing Covered Code, include this CDDL
   Header Notice in each file and include the License file
   at opensso/legal/CDDLv1.0.txt.
   If applicable, add the following below the CDDL Header,
   with the fields enclosed by brackets [] replaced by
   your own identifying information:
   "Portions Copyrighted [year] [name of copyright owner]"

   $Id: policyIndex.xml,v 1.2 2009/08/29 00:56:25 veiming Exp $

   Portions copyright 2015 ForgeRock AS.
-->

<!DOCTYPE ServicesConfiguration
        PUBLIC "=//iPlanet//Service Management Services (SMS) 1.0 DTD//EN"
        "jar://com/sun/identity/sm/sms.dtd">

<ServicesConfiguration>
    <Service name="sunEntitlementIndexes" version="1.0">
        <Schema i18nFileName="" revisionNumber="10">
            <Organization>
                <AttributeSchema name="indexCount"
                                 type="single"
                                 syntax="numeric"
                                 i18nKey=""/>
                <AttributeSchema name="referralIndexCount"
                                 type="single"
                                 syntax="numeric"
                                 i18nKey=""/>
                <AttributeSchema name="responseAttributes"
                                 type="list"
                                 syntax="string"
                                 i18nKey=""/>
                <SubSchema name="type" inheritance="multiple">
                    <SubSchema name="indexes" inheritance="multiple">
                        <AttributeSchema name="resourceTypeUuid"
                                         type="single" syntax="string" isSearchable="yes"/>
                        <AttributeSchema name="subjectindex"
                                         type="list" isSearchable="yes"/>
                        <AttributeSchema name="hostindex"
                                         type="list" isSearchable="yes"/>
                        <AttributeSchema name="pathindex"
                                         type="list" isSearchable="yes"/>
                        <AttributeSchema name="pathparentindex"
                                         type="list" isSearchable="yes"/>
                        <AttributeSchema name="serializable"
                                         type="single"/>
                    </SubSchema>
                </SubSchema>
            </Organization>
        </Schema>

        <Configuration>
            <OrganizationConfiguration name="/">
                <AttributeValuePair>
                    <Attribute name="indexCount"/>
                    <Value>0</Value>
                </AttributeValuePair>
                <SubConfiguration name="default" id="type"/>
                <SubConfiguration name="referrals" id="type"/>
            </OrganizationConfiguration>
        </Configuration>
    </Service>
</ServicesConfiguration>

