<?xml version="1.0" encoding="UTF-8"?>
<!DOCTYPE ServicesConfiguration
        PUBLIC "=//iPlanet//Service Management Services (SMS) 1.0 DTD//EN"
        "jar://com/sun/identity/sm/sms.dtd">
<!--
  Copyright 2013-2017 ForgeRock AS. All Rights Reserved
 
  Use of this code requires a commercial software license with ForgeRock AS.
  or with one of its affiliates. All use shall be exclusively subject
  to such license between the licensee and ForgeRock AS.
-->

<ServicesConfiguration>
    <Service name="RestSecurity" version="1.0">
        <Schema
                serviceHierarchy="/DSAMEConfig/ForgeRockRestSecurityService"
                i18nFileName="RestSecurity"
                revisionNumber="1"
                resourceName="security"
                i18nKey="forgerock-restSecurity-service-description">

            <Organization>
                <AttributeSchema name="forgerockRESTSecuritySelfServiceEnabled"
                                 type="single"
                                 syntax="boolean"
                                 validator="RequiredValueValidator"
                                 resourceName="selfServiceEnabled"
                                 i18nKey="a100"
                                 order="100">
                    <BooleanValues>
                        <BooleanTrueValue i18nKey="i18nTrue">true</BooleanTrueValue>
                        <BooleanFalseValue i18nKey="i18nFalse">false</BooleanFalseValue>
                    </BooleanValues>
                    <DefaultValues>
                        <Value>false</Value>
                    </DefaultValues>
                </AttributeSchema>
                <AttributeSchema name="forgerockRESTSecuritySelfRegistrationEnabled"
                                 type="single"
                                 syntax="boolean"
                                 validator="RequiredValueValidator"
                                 resourceName="selfRegistrationEnabled"
                                 i18nKey="a101"
                                 order="200">
                    <BooleanValues>
                        <BooleanTrueValue i18nKey="i18nTrue">true</BooleanTrueValue>
                        <BooleanFalseValue i18nKey="i18nFalse">false</BooleanFalseValue>
                    </BooleanValues>
                    <DefaultValues>
                        <Value>false</Value>
                    </DefaultValues>
                </AttributeSchema>
                <AttributeSchema name="forgerockRESTSecuritySelfRegTokenTTL"
                                 type="single"
                                 syntax="number_range" rangeStart="0" rangeEnd="2147483647"
                                 validator="RequiredValueValidator"
                                 resourceName="selfRegistrationTokenLifetime"
                                 i18nKey="a102"
                                 order="300">
                    <DefaultValues>
                        <Value>900</Value>
                    </DefaultValues>
                </AttributeSchema>
                <AttributeSchema name="forgerockRESTSecuritySelfRegConfirmationUrl"
                                 type="single"
                                 syntax="url"
                                 resourceName="selfRegistrationConfirmationUrl"
                                 i18nKey="a103"
                                 order="400">
                    <DefaultValues>
                        <Value>http://openam.example.com:18080/openam/XUI/confirm.html</Value>
                    </DefaultValues>
                </AttributeSchema>
                <AttributeSchema name="forgerockRESTSecurityForgotPasswordEnabled"
                                 type="single"
                                 syntax="boolean"
                                 validator="RequiredValueValidator"
                                 resourceName="forgotPasswordEnabled"
                                 i18nKey="a104"
                                 order="500">
                    <BooleanValues>
                        <BooleanTrueValue i18nKey="i18nTrue">true</BooleanTrueValue>
                        <BooleanFalseValue i18nKey="i18nFalse">false</BooleanFalseValue>
                    </BooleanValues>
                    <DefaultValues>
                        <Value>false</Value>
                    </DefaultValues>
                </AttributeSchema>
                <AttributeSchema name="forgerockRESTSecurityForgotPassTokenTTL"
                                 type="single"
                                 syntax="number_range" rangeStart="0" rangeEnd="2147483647"
                                 validator="RequiredValueValidator"
                                 resourceName="forgotPasswordTokenLifetime"
                                 i18nKey="a105"
                                 order="600">
                    <DefaultValues>
                        <Value>900</Value>
                    </DefaultValues>
                </AttributeSchema>
                <AttributeSchema name="forgerockRESTSecurityForgotPassConfirmationUrl"
                                 type="single"
                                 syntax="url"
                                 resourceName="forgotPasswordConfirmationUrl"
                                 i18nKey="a106"
                                 order="700">
                    <DefaultValues>
                        <Value>http://openam.example.com:18080/openam/XUI/confirm.html</Value>
                    </DefaultValues>
                </AttributeSchema>
                <AttributeSchema name="forgerockRESTSecuritySuccessfulUserRegistrationDestination"
                                 type="single_choice"
                                 syntax="string"
                                 resourceName="userRegisteredDestination"
                                 i18nKey="a107"
                                 order="800">
                    <ChoiceValues>
                        <ChoiceValue i18nKey="a107a">default</ChoiceValue>
                        <ChoiceValue i18nKey="a107b">login</ChoiceValue>
                        <ChoiceValue i18nKey="a107c">autologin</ChoiceValue>
                    </ChoiceValues>
                    <DefaultValues>
                        <Value>default</Value>
                    </DefaultValues>
                </AttributeSchema>
                <AttributeSchema name="forgerockRESTSecurityProtectedUserAttributes" 
                                 type="list"
                                 syntax="string"
                                 resourceName="protectedUserAttributes"
                                 i18nKey="a108"
                                 order="900">
                </AttributeSchema> 
            </Organization>
        </Schema>
    </Service>
</ServicesConfiguration>
