<?xml version="1.0" encoding="UTF-8"?>

<!--
  Copyright 2014-2017 ForgeRock AS. All Rights Reserved
 
  Use of this code requires a commercial software license with ForgeRock AS.
  or with one of its affiliates. All use shall be exclusively subject
  to such license between the licensee and ForgeRock AS.
-->


<!DOCTYPE ServicesConfiguration
        PUBLIC "=//iPlanet//Service Management Services (SMS) 1.0 DTD//EN"
        "jar://com/sun/identity/sm/sms.dtd">

<ServicesConfiguration>
    <Service name="socialAuthNService" version="1.0">
        <Schema serviceHierarchy="/DSAMEConfig/socialAuthNService"
                i18nFileName="socialAuthN" revisionNumber="1"
                i18nKey="forgerock-am-socialauthn-service-description"
                resourceName="socialauthentication">
            <Organization>
                <AttributeSchema name="MapValueValidator"
                                 type="validator"
                                 syntax="string">
                    <DefaultValues>
                        <Value>com.sun.identity.common.configuration.MapValueValidator</Value>
                    </DefaultValues>
                </AttributeSchema>
                <AttributeSchema name="socialAuthNDisplayName"
                                 type="list"
                                 syntax="string"
                                 uitype="maplist"
                                 validator="MapValueValidator"
                                 resourceName="displayNames"
                                 i18nKey="a101"
                                 order="100"/>
                <AttributeSchema name="socialAuthNAuthChain"
                                 type="list"
                                 syntax="string"
                                 uitype="maplist"
                                 resourceName="authenticationChains"
                                 validator="MapValueValidator"
                                 i18nKey="a102"
                                 order="200">
                    <ChoiceValues>
                        <ChoiceValuesClassName
                                className="com.sun.identity.authentication.service.ConfiguredSocialAuthServices"/>
                    </ChoiceValues>
                </AttributeSchema>
                <AttributeSchema name="socialAuthNIcon"
                                 type="list"
                                 syntax="string"
                                 uitype="maplist"
                                 resourceName="icons"
                                 validator="MapValueValidator"
                                 i18nKey="a103"
                                 order="300"/>
                <AttributeSchema name="socialAuthNEnabled"
                                 type="list"
                                 syntax="string"
                                 resourceName="enabledKeys"
                                 i18nKey="a104"
                                 order="400"/>
            </Organization>
        </Schema>
    </Service>
</ServicesConfiguration>

