<?xml version="1.0" encoding="UTF-8"?>
<!--
  Copyright 2014-2017 ForgeRock AS. All Rights Reserved
 
  Use of this code requires a commercial software license with ForgeRock AS.
  or with one of its affiliates. All use shall be exclusively subject
  to such license between the licensee and ForgeRock AS.
-->

<!DOCTYPE ServicesConfiguration PUBLIC "=//iPlanet//Service Management Services (SMS) 1.0 DTD//EN" "jar://com/sun/identity/sm/sms.dtd">

<ServicesConfiguration>
    <Service name="validationService" version="1.0">
        <Schema serviceHierarchy="/DSAMEConfig/validationService"
                i18nFileName="validationService" revisionNumber="1"
                i18nKey="openam-validation-service-description"
                resourceName="validation">
            <Organization>
                <AttributeSchema name="openam-auth-valid-goto-resources"
                                 type="list"
                                 syntax="string"
                                 resourceName="validGotoDestinations"
                                 i18nKey="a100"
                                 order="100">
                </AttributeSchema>
            </Organization>
        </Schema>
    </Service>
</ServicesConfiguration>

